voter_id,candidate
VOTER-000001,Bob Jones
VOTER-000002,Bob Jones
VOTER-000003,Alice Smith
VOTER-000004,Alice Smith
VOTER-000005,Alice Smith
VOTER-000006,Alice Smith
VOTER-000007,Alice Smith
VOTER-000008,Bob Jones
VOTER-000009,Bob Jones
VOTER-000010,Alice Smith
VOTER-000011,Bob Jones
VOTER-000012,Alice Smith
VOTER-000013,Alice Smith
VOTER-000014,Bob Jones
VOTER-000015,Bob Jones
VOTER-000016,Charlie Brown
VOTER-000017,Alice Smith
VOTER-000018,Alice Smith
VOTER-000019,Alice Smith
VOTER-000020,Diana Prince
VOTER-000021,Bob Jones
VOTER-000022,Alice Smith
VOTER-000023,Bob Jones
VOTER-000024,Alice Smith
VOTER-000025,Alice Smith
VOTER-000026,Alice Smith
VOTER-000027,Charlie Brown
VOTER-000028,Charlie Brown
VOTER-000029,Alice Smith
VOTER-000030,Bob Jones
VOTER-000031,Alice Smith
VOTER-000032,Alice Smith
VOTER-000033,Bob Jones
VOTER-000034,Alice Smith
VOTER-000035,Diana Prince
VOTER-000036,Bob Jones
VOTER-000037,Alice Smith
VOTER-000038,Alice Smith
VOTER-000039,Diana Prince
VOTER-000040,Alice Smith
VOTER-000041,Bob Jones
VOTER-000042,Alice Smith
VOTER-000043,Bob Jones
VOTER-000044,Charlie Brown
VOTER-000045,Bob Jones
VOTER-000046,Alice Smith
VOTER-000047,Bob Jones
VOTER-000048,Charlie Brown
VOTER-000049,Alice Smith
VOTER-000050,Alice Smith
VOTER-000051,Charlie Brown
VOTER-000052,Charlie Brown
VOTER-000053,Bob Jones
VOTER-000054,Alice Smith
VOTER-000055,Alice Smith
VOTER-000056,Alice Smith
VOTER-000057,Bob Jones
VOTER-000058,Bob Jones
VOTER-000059,Charlie Brown
VOTER-000060,Charlie Brown
VOTER-000061,Bob Jones
VOTER-000062,Diana Prince
VOTER-000063,Alice Smith
VOTER-000064,Alice Smith
VOTER-000065,Bob Jones
VOTER-000066,Bob Jones
VOTER-000067,Bob Jones
VOTER-000068,Alice Smith
VOTER-000069,Bob Jones
VOTER-000070,Diana Prince
VOTER-000071,Bob Jones
VOTER-000072,Charlie Brown
VOTER-000073,Diana Prince
VOTER-000074,Alice Smith
VOTER-000075,Bob Jones
VOTER-000076,Diana Prince
VOTER-000077,Alice Smith
VOTER-000078,Bob Jones
VOTER-000079,Alice Smith
VOTER-000080,Charlie Brown
VOTER-000081,Alice Smith
VOTER-000082,Bob Jones
VOTER-000083,Bob Jones
VOTER-000084,Bob Jones
VOTER-000085,Alice Smith
VOTER-000086,Charlie Brown
VOTER-000087,Alice Smith
VOTER-000088,Alice Smith
VOTER-000089,Charlie Brown
VOTER-000090,Bob Jones
VOTER-000091,Bob Jones
VOTER-000092,Diana Prince
VOTER-000093,Alice Smith
VOTER-000094,Bob Jones
VOTER-000095,Charlie Brown
VOTER-000096,Bob Jones
VOTER-000097,Bob Jones
VOTER-000098,Alice Smith
VOTER-000099,Bob Jones
VOTER-000100,Alice Smith
VOTER-000101,Diana Prince
VOTER-000102,Bob Jones
VOTER-000103,Diana Prince
VOTER-000104,Alice Smith
VOTER-000105,Alice Smith
VOTER-000106,Alice Smith
VOTER-000107,Alice Smith
VOTER-000108,Alice Smith
VOTER-000109,Bob Jones
VOTER-000110,Bob Jones
VOTER-000111,Alice Smith
VOTER-000112,Alice Smith
VOTER-000113,Charlie Brown
VOTER-000114,Bob Jones
VOTER-000115,Charlie Brown
VOTER-000116,Charlie Brown
VOTER-000117,Charlie Brown
VOTER-000118,Bob Jones
VOTER-000119,Alice Smith
VOTER-000120,Charlie Brown
VOTER-000121,Charlie Brown
VOTER-000122,Bob Jones
VOTER-000123,Alice Smith
VOTER-000124,Alice Smith
VOTER-000125,Charlie Brown
VOTER-000126,Bob Jones
VOTER-000127,Alice Smith
VOTER-000128,Alice Smith
VOTER-000129,Bob Jones
VOTER-000130,Bob Jones
VOTER-000131,Charlie Brown
VOTER-000132,Alice Smith
VOTER-000133,Bob Jones
VOTER-000134,Alice Smith
VOTER-000135,Alice Smith
VOTER-000136,Bob Jones
VOTER-000137,Alice Smith
VOTER-000138,Alice Smith
VOTER-000139,Bob Jones
VOTER-000140,Alice Smith
VOTER-000141,Bob Jones
VOTER-000142,Alice Smith
VOTER-000143,Alice Smith
VOTER-000144,Bob Jones
VOTER-000145,Bob Jones
VOTER-000146,Diana Prince
VOTER-000147,Diana Prince
VOTER-000148,Bob Jones
VOTER-000149,Alice Smith
VOTER-000150,Bob Jones
VOTER-000151,Alice Smith
VOTER-000152,Alice Smith
VOTER-000153,Alice Smith
VOTER-000154,Charlie Brown
VOTER-000155,Alice Smith
VOTER-000156,Alice Smith
VOTER-000157,Alice Smith
VOTER-000158,Bob Jones
VOTER-000159,Alice Smith
VOTER-000160,Alice Smith
VOTER-000161,Bob Jones
VOTER-000162,Diana Prince
VOTER-000163,Bob Jones
VOTER-000164,Alice Smith
VOTER-000165,Bob Jones
VOTER-000166,Alice Smith
VOTER-000167,Bob Jones
VOTER-000168,Bob Jones
VOTER-000169,Charlie Brown
VOTER-000170,Diana Prince
VOTER-000171,Diana Prince
VOTER-000172,Diana Prince
VOTER-000173,Alice Smith
VOTER-000174,Charlie Brown
VOTER-000175,Alice Smith
VOTER-000176,Alice Smith
VOTER-000177,Alice Smith
VOTER-000178,Alice Smith
VOTER-000179,Alice Smith
VOTER-000180,Bob Jones
VOTER-000181,Alice Smith
VOTER-000182,Alice Smith
VOTER-000183,Bob Jones
VOTER-000184,Alice Smith
VOTER-000185,Bob Jones
VOTER-000186,Diana Prince
VOTER-000187,Alice Smith
VOTER-000188,Diana Prince
VOTER-000189,Charlie Brown
VOTER-000190,Alice Smith
VOTER-000191,Bob Jones
VOTER-000192,Bob Jones
VOTER-000193,Bob Jones
VOTER-000194,Alice Smith
VOTER-000195,Bob Jones
VOTER-000196,Bob Jones
VOTER-000197,Bob Jones
VOTER-000198,Alice Smith
VOTER-000199,Bob Jones
VOTER-000200,Alice Smith
VOTER-000201,Alice Smith
VOTER-000202,Charlie Brown
VOTER-000203,Alice Smith
VOTER-000204,Charlie Brown
VOTER-000205,Alice Smith
VOTER-000206,Diana Prince
VOTER-000207,Alice Smith
VOTER-000208,Alice Smith
VOTER-000209,Charlie Brown
VOTER-000210,Alice Smith
VOTER-000211,Alice Smith
VOTER-000212,Alice Smith
VOTER-000213,Alice Smith
VOTER-000214,Bob Jones
VOTER-000215,Bob Jones
VOTER-000216,Alice Smith
VOTER-000217,Alice Smith
VOTER-000218,Alice Smith
VOTER-000219,Bob Jones
VOTER-000220,Charlie Brown
VOTER-000221,Bob Jones
VOTER-000222,Bob Jones
VOTER-000223,Charlie Brown
VOTER-000224,Alice Smith
VOTER-000225,Alice Smith
VOTER-000226,Alice Smith
VOTER-000227,Alice Smith
VOTER-000228,Charlie Brown
VOTER-000229,Bob Jones
VOTER-000230,Alice Smith
VOTER-000231,Alice Smith
VOTER-000232,Alice Smith
VOTER-000233,Charlie Brown
VOTER-000234,Alice Smith
VOTER-000235,Charlie Brown
VOTER-000236,Bob Jones
VOTER-000237,Bob Jones
VOTER-000238,Alice Smith
VOTER-000239,Charlie Brown
VOTER-000240,Bob Jones
VOTER-000241,Diana Prince
VOTER-000242,Bob Jones
VOTER-000243,Diana Prince
VOTER-000244,Bob Jones
VOTER-000245,Alice Smith
VOTER-000246,Charlie Brown
VOTER-000247,Alice Smith
VOTER-000248,Alice Smith
VOTER-000249,Charlie Brown
VOTER-000250,Bob Jones
VOTER-000251,Charlie Brown
VOTER-000252,Bob Jones
VOTER-000253,Alice Smith
VOTER-000254,Bob Jones
VOTER-000255,Charlie Brown
VOTER-000256,Alice Smith
VOTER-000257,Alice Smith
VOTER-000258,Alice Smith
VOTER-000259,Alice Smith
VOTER-000260,Bob Jones
VOTER-000261,Alice Smith
VOTER-000262,Bob Jones
VOTER-000263,Bob Jones
VOTER-000264,Bob Jones
VOTER-000265,Bob Jones
VOTER-000266,Charlie Brown
VOTER-000267,Alice Smith
VOTER-000268,Alice Smith
VOTER-000269,Bob Jones
VOTER-000270,Bob Jones
VOTER-000271,Diana Prince
VOTER-000272,Alice Smith
VOTER-000273,Bob Jones
VOTER-000274,Diana Prince
VOTER-000275,Bob Jones
VOTER-000276,Alice Smith
VOTER-000277,Diana Prince
VOTER-000278,Bob Jones
VOTER-000279,Bob Jones
VOTER-000280,Bob Jones
VOTER-000281,Bob Jones
VOTER-000282,Charlie Brown
VOTER-000283,Bob Jones
VOTER-000284,Alice Smith
VOTER-000285,Alice Smith
VOTER-000286,Bob Jones
VOTER-000287,Bob Jones
VOTER-000288,Bob Jones
VOTER-000289,Alice Smith
VOTER-000290,Alice Smith
VOTER-000291,Bob Jones
VOTER-000292,Bob Jones
VOTER-000293,Alice Smith
VOTER-000294,Alice Smith
VOTER-000295,Alice Smith
VOTER-000296,Diana Prince
VOTER-000297,Bob Jones
VOTER-000298,Alice Smith
VOTER-000299,Alice Smith
VOTER-000300,Diana Prince
VOTER-000301,Charlie Brown
VOTER-000302,Alice Smith
VOTER-000303,Bob Jones
VOTER-000304,Alice Smith
VOTER-000305,Alice Smith
VOTER-000306,Charlie Brown
VOTER-000307,Bob Jones
VOTER-000308,Charlie Brown
VOTER-000309,Bob Jones
VOTER-000310,Alice Smith
VOTER-000311,Charlie Brown
VOTER-000312,Alice Smith
VOTER-000313,Charlie Brown
VOTER-000314,Charlie Brown
VOTER-000315,Diana Prince
VOTER-000316,Alice Smith
VOTER-000317,Bob Jones
VOTER-000318,Alice Smith
VOTER-000319,Alice Smith
VOTER-000320,Bob Jones
VOTER-000321,Alice Smith
VOTER-000322,Charlie Brown
VOTER-000323,Alice Smith
VOTER-000324,Alice Smith
VOTER-000325,Charlie Brown
VOTER-000326,Diana Prince
VOTER-000327,Alice Smith
VOTER-000328,Bob Jones
VOTER-000329,Charlie Brown
VOTER-000330,Charlie Brown
VOTER-000331,Alice Smith
VOTER-000332,Bob Jones
VOTER-000333,Bob Jones
VOTER-000334,Charlie Brown
VOTER-000335,Bob Jones
VOTER-000336,Bob Jones
VOTER-000337,Charlie Brown
VOTER-000338,Bob Jones
VOTER-000339,Bob Jones
VOTER-000340,Bob Jones
VOTER-000341,Charlie Brown
VOTER-000342,Alice Smith
VOTER-000343,Diana Prince
VOTER-000344,Bob Jones
VOTER-000345,Alice Smith
VOTER-000346,Alice Smith
VOTER-000347,Alice Smith
VOTER-000348,Alice Smith
VOTER-000349,Bob Jones
VOTER-000350,Bob Jones
VOTER-000351,Bob Jones
VOTER-000352,Alice Smith
VOTER-000353,Alice Smith
VOTER-000354,Bob Jones
VOTER-000355,Alice Smith
VOTER-000356,Charlie Brown
VOTER-000357,Bob Jones
VOTER-000358,Charlie Brown
VOTER-000359,Bob Jones
VOTER-000360,Charlie Brown
VOTER-000361,Alice Smith
VOTER-000362,Bob Jones
VOTER-000363,Charlie Brown
VOTER-000364,Charlie Brown
VOTER-000365,Charlie Brown
VOTER-000366,Alice Smith
VOTER-000367,Charlie Brown
VOTER-000368,Alice Smith
VOTER-000369,Alice Smith
VOTER-000370,Bob Jones
VOTER-000371,Charlie Brown
VOTER-000372,Diana Prince
VOTER-000373,Diana Prince
VOTER-000374,Diana Prince
VOTER-000375,Bob Jones
VOTER-000376,Bob Jones
VOTER-000377,Alice Smith
VOTER-000378,Alice Smith
VOTER-000379,Alice Smith
VOTER-000380,Charlie Brown
VOTER-000381,Bob Jones
VOTER-000382,Bob Jones
VOTER-000383,Alice Smith
VOTER-000384,Alice Smith
VOTER-000385,Alice Smith
VOTER-000386,Diana Prince
VOTER-000387,Bob Jones
VOTER-000388,Alice Smith
VOTER-000389,Charlie Brown
VOTER-000390,Bob Jones
VOTER-000391,Diana Prince
VOTER-000392,Bob Jones
VOTER-000393,Alice Smith
VOTER-000394,Bob Jones
VOTER-000395,Charlie Brown
VOTER-000396,Charlie Brown
VOTER-000397,Alice Smith
VOTER-000398,Bob Jones
VOTER-000399,Bob Jones
VOTER-000400,Alice Smith
VOTER-000401,Alice Smith
VOTER-000402,Alice Smith
VOTER-000403,Bob Jones
VOTER-000404,Alice Smith
VOTER-000405,Alice Smith
VOTER-000406,Bob Jones
VOTER-000407,Alice Smith
VOTER-000408,Alice Smith
VOTER-000409,Alice Smith
VOTER-000410,Bob Jones
VOTER-000411,Bob Jones
VOTER-000412,Alice Smith
VOTER-000413,Alice Smith
VOTER-000414,Charlie Brown
VOTER-000415,Alice Smith
VOTER-000416,Alice Smith
VOTER-000417,Alice Smith
VOTER-000418,Diana Prince
VOTER-000419,Charlie Brown
VOTER-000420,Alice Smith
VOTER-000421,Diana Prince
VOTER-000422,Bob Jones
VOTER-000423,Alice Smith
VOTER-000424,Charlie Brown
VOTER-000425,Bob Jones
VOTER-000426,Bob Jones
VOTER-000427,Bob Jones
VOTER-000428,Bob Jones
VOTER-000429,Diana Prince
VOTER-000430,Charlie Brown
VOTER-000431,Charlie Brown
VOTER-000432,Alice Smith
VOTER-000433,Bob Jones
VOTER-000434,Alice Smith
VOTER-000435,Bob Jones
VOTER-000436,Bob Jones
VOTER-000437,Charlie Brown
VOTER-000438,Alice Smith
VOTER-000439,Bob Jones
VOTER-000440,Charlie Brown
VOTER-000441,Alice Smith
VOTER-000442,Alice Smith
VOTER-000443,Bob Jones
VOTER-000444,Bob Jones
VOTER-000445,Bob Jones
VOTER-000446,Charlie Brown
VOTER-000447,Bob Jones
VOTER-000448,Bob Jones
VOTER-000449,Diana Prince
VOTER-000450,Bob Jones
VOTER-000451,Bob Jones
VOTER-000452,Diana Prince
VOTER-000453,Bob Jones
VOTER-000454,Diana Prince
VOTER-000455,Bob Jones
VOTER-000456,Alice Smith
VOTER-000457,Bob Jones
VOTER-000458,Alice Smith
VOTER-000459,Bob Jones
VOTER-000460,Bob Jones
VOTER-000461,Alice Smith
VOTER-000462,Charlie Brown
VOTER-000463,Alice Smith
VOTER-000464,Alice Smith
VOTER-000465,Alice Smith
VOTER-000466,Alice Smith
VOTER-000467,Charlie Brown
VOTER-000468,Alice Smith
VOTER-000469,Bob Jones
VOTER-000470,Alice Smith
VOTER-000471,Bob Jones
VOTER-000472,Alice Smith
VOTER-000473,Bob Jones
VOTER-000474,Alice Smith
VOTER-000475,Bob Jones
VOTER-000476,Bob Jones
VOTER-000477,Bob Jones
VOTER-000478,Bob Jones
VOTER-000479,Bob Jones
VOTER-000480,Charlie Brown
VOTER-000481,Alice Smith
VOTER-000482,Bob Jones
VOTER-000483,Alice Smith
VOTER-000484,Alice Smith
VOTER-000485,Bob Jones
VOTER-000486,Bob Jones
VOTER-000487,Bob Jones
VOTER-000488,Bob Jones
VOTER-000489,Alice Smith
VOTER-000490,Bob Jones
VOTER-000491,Bob Jones
VOTER-000492,Bob Jones
VOTER-000493,Alice Smith
VOTER-000494,Charlie Brown
VOTER-000495,Bob Jones
VOTER-000496,Charlie Brown
VOTER-000497,Bob Jones
VOTER-000498,Charlie Brown
VOTER-000499,Bob Jones
VOTER-000500,Alice Smith
VOTER-000501,Bob Jones
VOTER-000502,Alice Smith
VOTER-000503,Bob Jones
VOTER-000504,Diana Prince
VOTER-000505,Alice Smith
VOTER-000506,Charlie Brown
VOTER-000507,Diana Prince
VOTER-000508,Bob Jones
VOTER-000509,Diana Prince
VOTER-000510,Bob Jones
VOTER-000511,Alice Smith
VOTER-000512,Alice Smith
VOTER-000513,Alice Smith
VOTER-000514,Alice Smith
VOTER-000515,Bob Jones
VOTER-000516,Bob Jones
VOTER-000517,Alice Smith
VOTER-000518,Alice Smith
VOTER-000519,Charlie Brown
VOTER-000520,Alice Smith
VOTER-000521,Bob Jones
VOTER-000522,Alice Smith
VOTER-000523,Alice Smith
VOTER-000524,Alice Smith
VOTER-000525,Alice Smith
VOTER-000526,Alice Smith
VOTER-000527,Bob Jones
VOTER-000528,Charlie Brown
VOTER-000529,Charlie Brown
VOTER-000530,Alice Smith
VOTER-000531,Charlie Brown
VOTER-000532,Charlie Brown
VOTER-000533,Alice Smith
VOTER-000534,Bob Jones
VOTER-000535,Alice Smith
VOTER-000536,Bob Jones
VOTER-000537,Diana Prince
VOTER-000538,Charlie Brown
VOTER-000539,Alice Smith
VOTER-000540,Bob Jones
VOTER-000541,Bob Jones
VOTER-000542,Diana Prince
VOTER-000543,Alice Smith
VOTER-000544,Diana Prince
VOTER-000545,Bob Jones
VOTER-000546,Bob Jones
VOTER-000547,Diana Prince
VOTER-000548,Bob Jones
VOTER-000549,Bob Jones
VOTER-000550,Bob Jones
VOTER-000551,Alice Smith
VOTER-000552,Bob Jones
VOTER-000553,Alice Smith
VOTER-000554,Bob Jones
VOTER-000555,Alice Smith
VOTER-000556,Bob Jones
VOTER-000557,Bob Jones
VOTER-000558,Alice Smith
VOTER-000559,Alice Smith
VOTER-000560,Bob Jones
VOTER-000561,Bob Jones
VOTER-000562,Alice Smith
VOTER-000563,Bob Jones
VOTER-000564,Bob Jones
VOTER-000565,Alice Smith
VOTER-000566,Bob Jones
VOTER-000567,Alice Smith
VOTER-000568,Bob Jones
VOTER-000569,Diana Prince
VOTER-000570,Charlie Brown
VOTER-000571,Alice Smith
VOTER-000572,Alice Smith
VOTER-000573,Charlie Brown
VOTER-000574,Bob Jones
VOTER-000575,Alice Smith
VOTER-000576,Bob Jones
VOTER-000577,Alice Smith
VOTER-000578,Alice Smith
VOTER-000579,Alice Smith
VOTER-000580,Alice Smith
VOTER-000581,Charlie Brown
VOTER-000582,Bob Jones
VOTER-000583,Bob Jones
VOTER-000584,Alice Smith
VOTER-000585,Alice Smith
VOTER-000586,Charlie Brown
VOTER-000587,Alice Smith
VOTER-000588,Alice Smith
VOTER-000589,Bob Jones
VOTER-000590,Bob Jones
VOTER-000591,Alice Smith
VOTER-000592,Alice Smith
VOTER-000593,Charlie Brown
VOTER-000594,Bob Jones
VOTER-000595,Bob Jones
VOTER-000596,Alice Smith
VOTER-000597,Bob Jones
VOTER-000598,Bob Jones
VOTER-000599,Bob Jones
VOTER-000600,Charlie Brown
VOTER-000601,Bob Jones
VOTER-000602,Charlie Brown
VOTER-000603,Diana Prince
VOTER-000604,Charlie Brown
VOTER-000605,Charlie Brown
VOTER-000606,Alice Smith
VOTER-000607,Alice Smith
VOTER-000608,Alice Smith
VOTER-000609,Charlie Brown
VOTER-000610,Diana Prince
VOTER-000611,Alice Smith
VOTER-000612,Bob Jones
VOTER-000613,Bob Jones
VOTER-000614,Alice Smith
VOTER-000615,Alice Smith
VOTER-000616,Alice Smith
VOTER-000617,Bob Jones
VOTER-000618,Alice Smith
VOTER-000619,Diana Prince
VOTER-000620,Alice Smith
VOTER-000621,Alice Smith
VOTER-000622,Bob Jones
VOTER-000623,Bob Jones
VOTER-000624,Alice Smith
VOTER-000625,Charlie Brown
VOTER-000626,Alice Smith
VOTER-000627,Bob Jones
VOTER-000628,Bob Jones
VOTER-000629,Alice Smith
VOTER-000630,Bob Jones
VOTER-000631,Bob Jones
VOTER-000632,Bob Jones
VOTER-000633,Diana Prince
VOTER-000634,Bob Jones
VOTER-000635,Alice Smith
VOTER-000636,Alice Smith
VOTER-000637,Alice Smith
VOTER-000638,Charlie Brown
VOTER-000639,Bob Jones
VOTER-000640,Alice Smith
VOTER-000641,Bob Jones
VOTER-000642,Bob Jones
VOTER-000643,Bob Jones
VOTER-000644,Charlie Brown
VOTER-000645,Bob Jones
VOTER-000646,Charlie Brown
VOTER-000647,Alice Smith
VOTER-000648,Alice Smith
VOTER-000649,Charlie Brown
VOTER-000650,Bob Jones
VOTER-000651,Alice Smith
VOTER-000652,Alice Smith
VOTER-000653,Bob Jones
VOTER-000654,Alice Smith
VOTER-000655,Alice Smith
VOTER-000656,Bob Jones
VOTER-000657,Bob Jones
VOTER-000658,Alice Smith
VOTER-000659,Diana Prince
VOTER-000660,Alice Smith
VOTER-000661,Alice Smith
VOTER-000662,Alice Smith
VOTER-000663,Alice Smith
VOTER-000664,Alice Smith
VOTER-000665,Bob Jones
VOTER-000666,Alice Smith
VOTER-000667,Charlie Brown
VOTER-000668,Alice Smith
VOTER-000669,Alice Smith
VOTER-000670,Alice Smith
VOTER-000671,Charlie Brown
VOTER-000672,Bob Jones
VOTER-000673,Diana Prince
VOTER-000674,Alice Smith
VOTER-000675,Alice Smith
VOTER-000676,Charlie Brown
VOTER-000677,Charlie Brown
VOTER-000678,Diana Prince
VOTER-000679,Diana Prince
VOTER-000680,Bob Jones
VOTER-000681,Bob Jones
VOTER-000682,Diana Prince
VOTER-000683,Bob Jones
VOTER-000684,Bob Jones
VOTER-000685,Bob Jones
VOTER-000686,Bob Jones
VOTER-000687,Bob Jones
VOTER-000688,Alice Smith
VOTER-000689,Alice Smith
VOTER-000690,Bob Jones
VOTER-000691,Alice Smith
VOTER-000692,Charlie Brown
VOTER-000693,Charlie Brown
VOTER-000694,Bob Jones
VOTER-000695,Bob Jones
VOTER-000696,Bob Jones
VOTER-000697,Alice Smith
VOTER-000698,Bob Jones
VOTER-000699,Alice Smith
VOTER-000700,Bob Jones
VOTER-000701,Bob Jones
VOTER-000702,Alice Smith
VOTER-000703,Diana Prince
VOTER-000704,Charlie Brown
VOTER-000705,Alice Smith
VOTER-000706,Charlie Brown
VOTER-000707,Alice Smith
VOTER-000708,Alice Smith
VOTER-000709,Alice Smith
VOTER-000710,Bob Jones
VOTER-000711,Alice Smith
VOTER-000712,Alice Smith
VOTER-000713,Alice Smith
VOTER-000714,Alice Smith
VOTER-000715,Charlie Brown
VOTER-000716,Alice Smith
VOTER-000717,Alice Smith
VOTER-000718,Alice Smith
VOTER-000719,Alice Smith
VOTER-000720,Bob Jones
VOTER-000721,Alice Smith
VOTER-000722,Alice Smith
VOTER-000723,Charlie Brown
VOTER-000724,Alice Smith
VOTER-000725,Alice Smith
VOTER-000726,Diana Prince
VOTER-000727,Alice Smith
VOTER-000728,Bob Jones
VOTER-000729,Alice Smith
VOTER-000730,Diana Prince
VOTER-000731,Alice Smith
VOTER-000732,Alice Smith
VOTER-000733,Alice Smith
VOTER-000734,Bob Jones
VOTER-000735,Bob Jones
VOTER-000736,Alice Smith
VOTER-000737,Bob Jones
VOTER-000738,Charlie Brown
VOTER-000739,Alice Smith
VOTER-000740,Bob Jones
VOTER-000741,Alice Smith
VOTER-000742,Bob Jones
VOTER-000743,Bob Jones
VOTER-000744,Alice Smith
VOTER-000745,Charlie Brown
VOTER-000746,Alice Smith
VOTER-000747,Charlie Brown
VOTER-000748,Bob Jones
VOTER-000749,Charlie Brown
VOTER-000750,Alice Smith
VOTER-000751,Alice Smith
VOTER-000752,Bob Jones
VOTER-000753,Alice Smith
VOTER-000754,Alice Smith
VOTER-000755,Alice Smith
VOTER-000756,Bob Jones
VOTER-000757,Alice Smith
VOTER-000758,Alice Smith
VOTER-000759,Alice Smith
VOTER-000760,Charlie Brown
VOTER-000761,Alice Smith
VOTER-000762,Diana Prince
VOTER-000763,Bob Jones
VOTER-000764,Alice Smith
VOTER-000765,Alice Smith
VOTER-000766,Charlie Brown
VOTER-000767,Bob Jones
VOTER-000768,Alice Smith
VOTER-000769,Alice Smith
VOTER-000770,Alice Smith
VOTER-000771,Bob Jones
VOTER-000772,Alice Smith
VOTER-000773,Alice Smith
VOTER-000774,Bob Jones
VOTER-000775,Charlie Brown
VOTER-000776,Diana Prince
VOTER-000777,Bob Jones
VOTER-000778,Bob Jones
VOTER-000779,Bob Jones
VOTER-000780,Bob Jones
VOTER-000781,Alice Smith
VOTER-000782,Alice Smith
VOTER-000783,Alice Smith
VOTER-000784,Charlie Brown
VOTER-000785,Alice Smith
VOTER-000786,Bob Jones
VOTER-000787,Bob Jones
VOTER-000788,Charlie Brown
VOTER-000789,Alice Smith
VOTER-000790,Alice Smith
VOTER-000791,Charlie Brown
VOTER-000792,Alice Smith
VOTER-000793,Bob Jones
VOTER-000794,Bob Jones
VOTER-000795,Bob Jones
VOTER-000796,Alice Smith
VOTER-000797,Bob Jones
VOTER-000798,Bob Jones
VOTER-000799,Bob Jones
VOTER-000800,Alice Smith
VOTER-000801,Diana Prince
VOTER-000802,Bob Jones
VOTER-000803,Alice Smith
VOTER-000804,Alice Smith
VOTER-000805,Bob Jones
VOTER-000806,Alice Smith
VOTER-000807,Charlie Brown
VOTER-000808,Alice Smith
VOTER-000809,Bob Jones
VOTER-000810,Bob Jones
VOTER-000811,Alice Smith
VOTER-000812,Bob Jones
VOTER-000813,Charlie Brown
VOTER-000814,Alice Smith
VOTER-000815,Bob Jones
VOTER-000816,Alice Smith
VOTER-000817,Alice Smith
VOTER-000818,Charlie Brown
VOTER-000819,Bob Jones
VOTER-000820,Diana Prince
VOTER-000821,Alice Smith
VOTER-000822,Alice Smith
VOTER-000823,Bob Jones
VOTER-000824,Alice Smith
VOTER-000825,Bob Jones
VOTER-000826,Bob Jones
VOTER-000827,Bob Jones
VOTER-000828,Alice Smith
VOTER-000829,Alice Smith
VOTER-000830,Alice Smith
VOTER-000831,Bob Jones
VOTER-000832,Alice Smith
VOTER-000833,Bob Jones
VOTER-000834,Charlie Brown
VOTER-000835,Bob Jones
VOTER-000836,Charlie Brown
VOTER-000837,Bob Jones
VOTER-000838,Charlie Brown
VOTER-000839,Alice Smith
VOTER-000840,Alice Smith
VOTER-000841,Alice Smith
VOTER-000842,Alice Smith
VOTER-000843,Bob Jones
VOTER-000844,Alice Smith
VOTER-000845,Alice Smith
VOTER-000846,Bob Jones
VOTER-000847,Bob Jones
VOTER-000848,Alice Smith
VOTER-000849,Diana Prince
VOTER-000850,Alice Smith
VOTER-000851,Alice Smith
VOTER-000852,Alice Smith
VOTER-000853,Diana Prince
VOTER-000854,Alice Smith
VOTER-000855,Alice Smith
VOTER-000856,Bob Jones
VOTER-000857,Alice Smith
VOTER-000858,Diana Prince
VOTER-000859,Charlie Brown
VOTER-000860,Alice Smith
VOTER-000861,Alice Smith
VOTER-000862,Bob Jones
VOTER-000863,Charlie Brown
VOTER-000864,Bob Jones
VOTER-000865,Bob Jones
VOTER-000866,Bob Jones
VOTER-000867,Alice Smith
VOTER-000868,Bob Jones
VOTER-000869,Alice Smith
VOTER-000870,Bob Jones
VOTER-000871,Bob Jones
VOTER-000872,Alice Smith
VOTER-000873,Charlie Brown
VOTER-000874,Bob Jones
VOTER-000875,Charlie Brown
VOTER-000876,Bob Jones
VOTER-000877,Charlie Brown
VOTER-000878,Alice Smith
VOTER-000879,Bob Jones
VOTER-000880,Bob Jones
VOTER-000881,Alice Smith
VOTER-000882,Bob Jones
VOTER-000883,Charlie Brown
VOTER-000884,Diana Prince
VOTER-000885,Alice Smith
VOTER-000886,Alice Smith
VOTER-000887,Alice Smith
VOTER-000888,Bob Jones
VOTER-000889,Charlie Brown
VOTER-000890,Bob Jones
VOTER-000891,Alice Smith
VOTER-000892,Charlie Brown
VOTER-000893,Alice Smith
VOTER-000894,Bob Jones
VOTER-000895,Alice Smith
VOTER-000896,Charlie Brown
VOTER-000897,Charlie Brown
VOTER-000898,Alice Smith
VOTER-000899,Charlie Brown
VOTER-000900,Alice Smith
VOTER-000901,Bob Jones
VOTER-000902,Charlie Brown
VOTER-000903,Bob Jones
VOTER-000904,Alice Smith
VOTER-000905,Bob Jones
VOTER-000906,Bob Jones
VOTER-000907,Alice Smith
VOTER-000908,Bob Jones
VOTER-000909,Charlie Brown
VOTER-000910,Alice Smith
VOTER-000911,Alice Smith
VOTER-000912,Alice Smith
VOTER-000913,Alice Smith
VOTER-000914,Bob Jones
VOTER-000915,Bob Jones
VOTER-000916,Alice Smith
VOTER-000917,Charlie Brown
VOTER-000918,Bob Jones
VOTER-000919,Bob Jones
VOTER-000920,Alice Smith
VOTER-000921,Bob Jones
VOTER-000922,Alice Smith
VOTER-000923,Bob Jones
VOTER-000924,Alice Smith
VOTER-000925,Alice Smith
VOTER-000926,Bob Jones
VOTER-000927,Bob Jones
VOTER-000928,Alice Smith
VOTER-000929,Bob Jones
VOTER-000930,Bob Jones
VOTER-000931,Charlie Brown
VOTER-000932,Charlie Brown
VOTER-000933,Alice Smith
VOTER-000934,Bob Jones
VOTER-000935,Alice Smith
VOTER-000936,Bob Jones
VOTER-000937,Diana Prince
VOTER-000938,Alice Smith
VOTER-000939,Alice Smith
VOTER-000940,Alice Smith
VOTER-000941,Bob Jones
VOTER-000942,Diana Prince
VOTER-000943,Alice Smith
VOTER-000944,Charlie Brown
VOTER-000945,Alice Smith
VOTER-000946,Alice Smith
VOTER-000947,Alice Smith
VOTER-000948,Bob Jones
VOTER-000949,Alice Smith
VOTER-000950,Alice Smith
VOTER-000951,Bob Jones
VOTER-000952,Diana Prince
VOTER-000953,Bob Jones
VOTER-000954,Bob Jones
VOTER-000955,Bob Jones
VOTER-000956,Bob Jones
VOTER-000957,Bob Jones
VOTER-000958,Bob Jones
VOTER-000959,Alice Smith
VOTER-000960,Alice Smith
VOTER-000961,Alice Smith
VOTER-000962,Charlie Brown
VOTER-000963,Alice Smith
VOTER-000964,Bob Jones
VOTER-000965,Charlie Brown
VOTER-000966,Diana Prince
VOTER-000967,Alice Smith
VOTER-000968,Bob Jones
VOTER-000969,Charlie Brown
VOTER-000970,Alice Smith
VOTER-000971,Alice Smith
VOTER-000972,Alice Smith
VOTER-000973,Charlie Brown
VOTER-000974,Alice Smith
VOTER-000975,Alice Smith
VOTER-000976,Alice Smith
VOTER-000977,Diana Prince
VOTER-000978,Alice Smith
VOTER-000979,Charlie Brown
VOTER-000980,Alice Smith
VOTER-000981,Diana Prince
VOTER-000982,Bob Jones
VOTER-000983,Bob Jones
VOTER-000984,Alice Smith
VOTER-000985,Diana Prince
VOTER-000986,Alice Smith
VOTER-000987,Charlie Brown
VOTER-000988,Bob Jones
VOTER-000989,Bob Jones
VOTER-000990,Bob Jones
VOTER-000991,Alice Smith
VOTER-000992,Bob Jones
VOTER-000993,Bob Jones
VOTER-000994,Bob Jones
VOTER-000995,Bob Jones
VOTER-000996,Bob Jones
VOTER-000997,Alice Smith
VOTER-000998,Alice Smith
VOTER-000999,Bob Jones
VOTER-001000,Diana Prince
VOTER-001001,Bob Jones
VOTER-001002,Diana Prince
VOTER-001003,Alice Smith
VOTER-001004,Bob Jones
VOTER-001005,Bob Jones
VOTER-001006,Alice Smith
VOTER-001007,Alice Smith
VOTER-001008,Alice Smith
VOTER-001009,Bob Jones
VOTER-001010,Bob Jones
VOTER-001011,Alice Smith
VOTER-001012,Charlie Brown
VOTER-001013,Charlie Brown
VOTER-001014,Bob Jones
VOTER-001015,Alice Smith
VOTER-001016,Diana Prince
VOTER-001017,Bob Jones
VOTER-001018,Alice Smith
VOTER-001019,Bob Jones
VOTER-001020,Charlie Brown
VOTER-001021,Bob Jones
VOTER-001022,Bob Jones
VOTER-001023,Alice Smith
VOTER-001024,Charlie Brown
VOTER-001025,Diana Prince
VOTER-001026,Bob Jones
VOTER-001027,Charlie Brown
VOTER-001028,Diana Prince
VOTER-001029,Alice Smith
VOTER-001030,Diana Prince
VOTER-001031,Bob Jones
VOTER-001032,Alice Smith
VOTER-001033,Alice Smith
VOTER-001034,Alice Smith
VOTER-001035,Diana Prince
VOTER-001036,Charlie Brown
VOTER-001037,Bob Jones
VOTER-001038,Bob Jones
VOTER-001039,Bob Jones
VOTER-001040,Alice Smith
VOTER-001041,Charlie Brown
VOTER-001042,Bob Jones
VOTER-001043,Alice Smith
VOTER-001044,Bob Jones
VOTER-001045,Bob Jones
VOTER-001046,Alice Smith
VOTER-001047,Alice Smith
VOTER-001048,Charlie Brown
VOTER-001049,Alice Smith
VOTER-001050,Bob Jones
VOTER-001051,Alice Smith
VOTER-001052,Charlie Brown
VOTER-001053,Diana Prince
VOTER-001054,Bob Jones
VOTER-001055,Bob Jones
VOTER-001056,Bob Jones
VOTER-001057,Charlie Brown
VOTER-001058,Alice Smith
VOTER-001059,Alice Smith
VOTER-001060,Charlie Brown
VOTER-001061,Bob Jones
VOTER-001062,Bob Jones
VOTER-001063,Bob Jones
VOTER-001064,Alice Smith
VOTER-001065,Alice Smith
VOTER-001066,Charlie Brown
VOTER-001067,Bob Jones
VOTER-001068,Bob Jones
VOTER-001069,Charlie Brown
VOTER-001070,Alice Smith
VOTER-001071,Alice Smith
VOTER-001072,Bob Jones
VOTER-001073,Bob Jones
VOTER-001074,Bob Jones
VOTER-001075,Alice Smith
VOTER-001076,Diana Prince
VOTER-001077,Alice Smith
VOTER-001078,Diana Prince
VOTER-001079,Alice Smith
VOTER-001080,Alice Smith
VOTER-001081,Bob Jones
VOTER-001082,Charlie Brown
VOTER-001083,Charlie Brown
VOTER-001084,Bob Jones
VOTER-001085,Alice Smith
VOTER-001086,Bob Jones
VOTER-001087,Alice Smith
VOTER-001088,Charlie Brown
VOTER-001089,Alice Smith
VOTER-001090,Bob Jones
VOTER-001091,Bob Jones
VOTER-001092,Alice Smith
VOTER-001093,Alice Smith
VOTER-001094,Alice Smith
VOTER-001095,Alice Smith
VOTER-001096,Charlie Brown
VOTER-001097,Bob Jones
VOTER-001098,Bob Jones
VOTER-001099,Diana Prince
VOTER-001100,Charlie Brown
VOTER-001101,Charlie Brown
VOTER-001102,Charlie Brown
VOTER-001103,Bob Jones
VOTER-001104,Diana Prince
VOTER-001105,Diana Prince
VOTER-001106,Bob Jones
VOTER-001107,Bob Jones
VOTER-001108,Charlie Brown
VOTER-001109,Bob Jones
VOTER-001110,Alice Smith
VOTER-001111,Charlie Brown
VOTER-001112,Diana Prince
VOTER-001113,Diana Prince
VOTER-001114,Diana Prince
VOTER-001115,Alice Smith
VOTER-001116,Alice Smith
VOTER-001117,Alice Smith
VOTER-001118,Bob Jones
VOTER-001119,Alice Smith
VOTER-001120,Charlie Brown
VOTER-001121,Bob Jones
VOTER-001122,Charlie Brown
VOTER-001123,Charlie Brown
VOTER-001124,Alice Smith
VOTER-001125,Charlie Brown
VOTER-001126,Bob Jones
VOTER-001127,Alice Smith
VOTER-001128,Diana Prince
VOTER-001129,Charlie Brown
VOTER-001130,Charlie Brown
VOTER-001131,Bob Jones
VOTER-001132,Alice Smith
VOTER-001133,Alice Smith
VOTER-001134,Bob Jones
VOTER-001135,Alice Smith
VOTER-001136,Alice Smith
VOTER-001137,Bob Jones
VOTER-001138,Bob Jones
VOTER-001139,Bob Jones
VOTER-001140,Alice Smith
VOTER-001141,Diana Prince
VOTER-001142,Bob Jones
VOTER-001143,Alice Smith
VOTER-001144,Alice Smith
VOTER-001145,Bob Jones
VOTER-001146,Bob Jones
VOTER-001147,Diana Prince
VOTER-001148,Bob Jones
VOTER-001149,Diana Prince
VOTER-001150,Alice Smith
VOTER-001151,Bob Jones
VOTER-001152,Alice Smith
VOTER-001153,Charlie Brown
VOTER-001154,Charlie Brown
VOTER-001155,Bob Jones
VOTER-001156,Charlie Brown
VOTER-001157,Charlie Brown
VOTER-001158,Bob Jones
VOTER-001159,Bob Jones
VOTER-001160,Alice Smith
VOTER-001161,Alice Smith
VOTER-001162,Bob Jones
VOTER-001163,Diana Prince
VOTER-001164,Alice Smith
VOTER-001165,Bob Jones
VOTER-001166,Bob Jones
VOTER-001167,Bob Jones
VOTER-001168,Bob Jones
VOTER-001169,Bob Jones
VOTER-001170,Bob Jones
VOTER-001171,Bob Jones
VOTER-001172,Alice Smith
VOTER-001173,Bob Jones
VOTER-001174,Bob Jones
VOTER-001175,Diana Prince
VOTER-001176,Alice Smith
VOTER-001177,Alice Smith
VOTER-001178,Bob Jones
VOTER-001179,Bob Jones
VOTER-001180,Bob Jones
VOTER-001181,Diana Prince
VOTER-001182,Diana Prince
VOTER-001183,Bob Jones
VOTER-001184,Charlie Brown
VOTER-001185,Alice Smith
VOTER-001186,Bob Jones
VOTER-001187,Alice Smith
VOTER-001188,Alice Smith
VOTER-001189,Alice Smith
VOTER-001190,Alice Smith
VOTER-001191,Diana Prince
VOTER-001192,Bob Jones
VOTER-001193,Diana Prince
VOTER-001194,Bob Jones
VOTER-001195,Alice Smith
VOTER-001196,Alice Smith
VOTER-001197,Alice Smith
VOTER-001198,Charlie Brown
VOTER-001199,Charlie Brown
VOTER-001200,Bob Jones
VOTER-001201,Bob Jones
VOTER-001202,Bob Jones
VOTER-001203,Charlie Brown
VOTER-001204,Alice Smith
VOTER-001205,Charlie Brown
VOTER-001206,Diana Prince
VOTER-001207,Charlie Brown
VOTER-001208,Bob Jones
VOTER-001209,Bob Jones
VOTER-001210,Alice Smith
VOTER-001211,Bob Jones
VOTER-001212,Diana Prince
VOTER-001213,Alice Smith
VOTER-001214,Alice Smith
VOTER-001215,Alice Smith
VOTER-001216,Bob Jones
VOTER-001217,Bob Jones
VOTER-001218,Alice Smith
VOTER-001219,Bob Jones
VOTER-001220,Alice Smith
VOTER-001221,Alice Smith
VOTER-001222,Alice Smith
VOTER-001223,Bob Jones
VOTER-001224,Alice Smith
VOTER-001225,Bob Jones
VOTER-001226,Alice Smith
VOTER-001227,Charlie Brown
VOTER-001228,Alice Smith
VOTER-001229,Bob Jones
VOTER-001230,Bob Jones
VOTER-001231,Alice Smith
VOTER-001232,Bob Jones
VOTER-001233,Charlie Brown
VOTER-001234,Alice Smith
VOTER-001235,Bob Jones
VOTER-001236,Bob Jones
VOTER-001237,Alice Smith
VOTER-001238,Charlie Brown
VOTER-001239,Charlie Brown
VOTER-001240,Diana Prince
VOTER-001241,Charlie Brown
VOTER-001242,Bob Jones
VOTER-001243,Bob Jones
VOTER-001244,Charlie Brown
VOTER-001245,Charlie Brown
VOTER-001246,Charlie Brown
VOTER-001247,Charlie Brown
VOTER-001248,Alice Smith
VOTER-001249,Charlie Brown
VOTER-001250,Alice Smith
VOTER-001251,Bob Jones
VOTER-001252,Diana Prince
VOTER-001253,Bob Jones
VOTER-001254,Alice Smith
VOTER-001255,Alice Smith
VOTER-001256,Bob Jones
VOTER-001257,Alice Smith
VOTER-001258,Charlie Brown
VOTER-001259,Bob Jones
VOTER-001260,Alice Smith
VOTER-001261,Diana Prince
VOTER-001262,Charlie Brown
VOTER-001263,Alice Smith
VOTER-001264,Alice Smith
VOTER-001265,Bob Jones
VOTER-001266,Alice Smith
VOTER-001267,Diana Prince
VOTER-001268,Bob Jones
VOTER-001269,Alice Smith
VOTER-001270,Alice Smith
VOTER-001271,Alice Smith
VOTER-001272,Bob Jones
VOTER-001273,Bob Jones
VOTER-001274,Diana Prince
VOTER-001275,Alice Smith
VOTER-001276,Alice Smith
VOTER-001277,Alice Smith
VOTER-001278,Alice Smith
VOTER-001279,Diana Prince
VOTER-001280,Bob Jones
VOTER-001281,Bob Jones
VOTER-001282,Alice Smith
VOTER-001283,Charlie Brown
VOTER-001284,Alice Smith
VOTER-001285,Alice Smith
VOTER-001286,Alice Smith
VOTER-001287,Alice Smith
VOTER-001288,Bob Jones
VOTER-001289,Alice Smith
VOTER-001290,Charlie Brown
VOTER-001291,Diana Prince
VOTER-001292,Alice Smith
VOTER-001293,Bob Jones
VOTER-001294,Alice Smith
VOTER-001295,Alice Smith
VOTER-001296,Alice Smith
VOTER-001297,Charlie Brown
VOTER-001298,Alice Smith
VOTER-001299,Charlie Brown
VOTER-001300,Charlie Brown
VOTER-001301,Bob Jones
VOTER-001302,Diana Prince
VOTER-001303,Bob Jones
VOTER-001304,Bob Jones
VOTER-001305,Bob Jones
VOTER-001306,Diana Prince
VOTER-001307,Bob Jones
VOTER-001308,Bob Jones
VOTER-001309,Bob Jones
VOTER-001310,Bob Jones
VOTER-001311,Diana Prince
VOTER-001312,Alice Smith
VOTER-001313,Diana Prince
VOTER-001314,Alice Smith
VOTER-001315,Alice Smith
VOTER-001316,Bob Jones
VOTER-001317,Alice Smith
VOTER-001318,Alice Smith
VOTER-001319,Bob Jones
VOTER-001320,Bob Jones
VOTER-001321,Alice Smith
VOTER-001322,Bob Jones
VOTER-001323,Alice Smith
VOTER-001324,Alice Smith
VOTER-001325,Alice Smith
VOTER-001326,Charlie Brown
VOTER-001327,Alice Smith
VOTER-001328,Bob Jones
VOTER-001329,Charlie Brown
VOTER-001330,Diana Prince
VOTER-001331,Bob Jones
VOTER-001332,Alice Smith
VOTER-001333,Alice Smith
VOTER-001334,Alice Smith
VOTER-001335,Diana Prince
VOTER-001336,Alice Smith
VOTER-001337,Alice Smith
VOTER-001338,Alice Smith
VOTER-001339,Alice Smith
VOTER-001340,Charlie Brown
VOTER-001341,Diana Prince
VOTER-001342,Alice Smith
VOTER-001343,Bob Jones
VOTER-001344,Alice Smith
VOTER-001345,Alice Smith
VOTER-001346,Alice Smith
VOTER-001347,Alice Smith
VOTER-001348,Alice Smith
VOTER-001349,Bob Jones
VOTER-001350,Alice Smith
VOTER-001351,Alice Smith
VOTER-001352,Bob Jones
VOTER-001353,Alice Smith
VOTER-001354,Bob Jones
VOTER-001355,Bob Jones
VOTER-001356,Bob Jones
VOTER-001357,Alice Smith
VOTER-001358,Alice Smith
VOTER-001359,Bob Jones
VOTER-001360,Alice Smith
VOTER-001361,Bob Jones
VOTER-001362,Charlie Brown
VOTER-001363,Bob Jones
VOTER-001364,Alice Smith
VOTER-001365,Alice Smith
VOTER-001366,Bob Jones
VOTER-001367,Alice Smith
VOTER-001368,Alice Smith
VOTER-001369,Alice Smith
VOTER-001370,Alice Smith
VOTER-001371,Alice Smith
VOTER-001372,Bob Jones
VOTER-001373,Diana Prince
VOTER-001374,Alice Smith
VOTER-001375,Alice Smith
VOTER-001376,Alice Smith
VOTER-001377,Alice Smith
VOTER-001378,Charlie Brown
VOTER-001379,Bob Jones
VOTER-001380,Alice Smith
VOTER-001381,Alice Smith
VOTER-001382,Alice Smith
VOTER-001383,Alice Smith
VOTER-001384,Alice Smith
VOTER-001385,Diana Prince
VOTER-001386,Bob Jones
VOTER-001387,Alice Smith
VOTER-001388,Alice Smith
VOTER-001389,Bob Jones
VOTER-001390,Charlie Brown
VOTER-001391,Bob Jones
VOTER-001392,Alice Smith
VOTER-001393,Bob Jones
VOTER-001394,Bob Jones
VOTER-001395,Charlie Brown
VOTER-001396,Alice Smith
VOTER-001397,Bob Jones
VOTER-001398,Alice Smith
VOTER-001399,Bob Jones
VOTER-001400,Charlie Brown
VOTER-001401,Charlie Brown
VOTER-001402,Alice Smith
VOTER-001403,Bob Jones
VOTER-001404,Charlie Brown
VOTER-001405,Alice Smith
VOTER-001406,Bob Jones
VOTER-001407,Alice Smith
VOTER-001408,Alice Smith
VOTER-001409,Alice Smith
VOTER-001410,Bob Jones
VOTER-001411,Alice Smith
VOTER-001412,Alice Smith
VOTER-001413,Bob Jones
VOTER-001414,Bob Jones
VOTER-001415,Charlie Brown
VOTER-001416,Diana Prince
VOTER-001417,Alice Smith
VOTER-001418,Alice Smith
VOTER-001419,Bob Jones
VOTER-001420,Bob Jones
VOTER-001421,Alice Smith
VOTER-001422,Charlie Brown
VOTER-001423,Charlie Brown
VOTER-001424,Diana Prince
VOTER-001425,Alice Smith
VOTER-001426,Alice Smith
VOTER-001427,Alice Smith
VOTER-001428,Alice Smith
VOTER-001429,Alice Smith
VOTER-001430,Diana Prince
VOTER-001431,Bob Jones
VOTER-001432,Diana Prince
VOTER-001433,Alice Smith
VOTER-001434,Bob Jones
VOTER-001435,Charlie Brown
VOTER-001436,Alice Smith
VOTER-001437,Charlie Brown
VOTER-001438,Charlie Brown
VOTER-001439,Alice Smith
VOTER-001440,Alice Smith
VOTER-001441,Charlie Brown
VOTER-001442,Alice Smith
VOTER-001443,Charlie Brown
VOTER-001444,Charlie Brown
VOTER-001445,Alice Smith
VOTER-001446,Bob Jones
VOTER-001447,Alice Smith
VOTER-001448,Alice Smith
VOTER-001449,Bob Jones
VOTER-001450,Bob Jones
VOTER-001451,Bob Jones
VOTER-001452,Diana Prince
VOTER-001453,Bob Jones
VOTER-001454,Alice Smith
VOTER-001455,Alice Smith
VOTER-001456,Alice Smith
VOTER-001457,Bob Jones
VOTER-001458,Bob Jones
VOTER-001459,Alice Smith
VOTER-001460,Alice Smith
VOTER-001461,Alice Smith
VOTER-001462,Bob Jones
VOTER-001463,Diana Prince
VOTER-001464,Diana Prince
VOTER-001465,Diana Prince
VOTER-001466,Bob Jones
VOTER-001467,Alice Smith
VOTER-001468,Charlie Brown
VOTER-001469,Bob Jones
VOTER-001470,Charlie Brown
VOTER-001471,Diana Prince
VOTER-001472,Alice Smith
VOTER-001473,Bob Jones
VOTER-001474,Bob Jones
VOTER-001475,Diana Prince
VOTER-001476,Alice Smith
VOTER-001477,Bob Jones
VOTER-001478,Diana Prince
VOTER-001479,Diana Prince
VOTER-001480,Bob Jones
VOTER-001481,Diana Prince
VOTER-001482,Bob Jones
VOTER-001483,Bob Jones
VOTER-001484,Alice Smith
VOTER-001485,Alice Smith
VOTER-001486,Bob Jones
VOTER-001487,Charlie Brown
VOTER-001488,Bob Jones
VOTER-001489,Alice Smith
VOTER-001490,Bob Jones
VOTER-001491,Charlie Brown
VOTER-001492,Alice Smith
VOTER-001493,Charlie Brown
VOTER-001494,Alice Smith
VOTER-001495,Charlie Brown
VOTER-001496,Bob Jones
VOTER-001497,Diana Prince
VOTER-001498,Alice Smith
VOTER-001499,Alice Smith
VOTER-001500,Bob Jones
VOTER-001501,Diana Prince
VOTER-001502,Diana Prince
VOTER-001503,Alice Smith
VOTER-001504,Alice Smith
VOTER-001505,Alice Smith
VOTER-001506,Bob Jones
VOTER-001507,Alice Smith
VOTER-001508,Diana Prince
VOTER-001509,Bob Jones
VOTER-001510,Alice Smith
VOTER-001511,Alice Smith
VOTER-001512,Alice Smith
VOTER-001513,Alice Smith
VOTER-001514,Charlie Brown
VOTER-001515,Charlie Brown
VOTER-001516,Alice Smith
VOTER-001517,Alice Smith
VOTER-001518,Bob Jones
VOTER-001519,Bob Jones
VOTER-001520,Alice Smith
VOTER-001521,Alice Smith
VOTER-001522,Charlie Brown
VOTER-001523,Alice Smith
VOTER-001524,Diana Prince
VOTER-001525,Alice Smith
VOTER-001526,Bob Jones
VOTER-001527,Alice Smith
VOTER-001528,Bob Jones
VOTER-001529,Alice Smith
VOTER-001530,Alice Smith
VOTER-001531,Bob Jones
VOTER-001532,Charlie Brown
VOTER-001533,Alice Smith
VOTER-001534,Bob Jones
VOTER-001535,Charlie Brown
VOTER-001536,Diana Prince
VOTER-001537,Bob Jones
VOTER-001538,Alice Smith
VOTER-001539,Charlie Brown
VOTER-001540,Bob Jones
VOTER-001541,Bob Jones
VOTER-001542,Alice Smith
VOTER-001543,Charlie Brown
VOTER-001544,Alice Smith
VOTER-001545,Bob Jones
VOTER-001546,Alice Smith
VOTER-001547,Charlie Brown
VOTER-001548,Bob Jones
VOTER-001549,Charlie Brown
VOTER-001550,Bob Jones
VOTER-001551,Alice Smith
VOTER-001552,Alice Smith
VOTER-001553,Bob Jones
VOTER-001554,Alice Smith
VOTER-001555,Alice Smith
VOTER-001556,Alice Smith
VOTER-001557,Charlie Brown
VOTER-001558,Bob Jones
VOTER-001559,Alice Smith
VOTER-001560,Diana Prince
VOTER-001561,Alice Smith
VOTER-001562,Alice Smith
VOTER-001563,Alice Smith
VOTER-001564,Alice Smith
VOTER-001565,Bob Jones
VOTER-001566,Alice Smith
VOTER-001567,Bob Jones
VOTER-001568,Diana Prince
VOTER-001569,Alice Smith
VOTER-001570,Alice Smith
VOTER-001571,Alice Smith
VOTER-001572,Charlie Brown
VOTER-001573,Alice Smith
VOTER-001574,Alice Smith
VOTER-001575,Alice Smith
VOTER-001576,Alice Smith
VOTER-001577,Alice Smith
VOTER-001578,Bob Jones
VOTER-001579,Alice Smith
VOTER-001580,Charlie Brown
VOTER-001581,Bob Jones
VOTER-001582,Charlie Brown
VOTER-001583,Alice Smith
VOTER-001584,Bob Jones
VOTER-001585,Diana Prince
VOTER-001586,Bob Jones
VOTER-001587,Alice Smith
VOTER-001588,Alice Smith
VOTER-001589,Alice Smith
VOTER-001590,Bob Jones
VOTER-001591,Alice Smith
VOTER-001592,Bob Jones
VOTER-001593,Bob Jones
VOTER-001594,Bob Jones
VOTER-001595,Bob Jones
VOTER-001596,Charlie Brown
VOTER-001597,Alice Smith
VOTER-001598,Charlie Brown
VOTER-001599,Bob Jones
VOTER-001600,Bob Jones
VOTER-001601,Charlie Brown
VOTER-001602,Bob Jones
VOTER-001603,Alice Smith
VOTER-001604,Alice Smith
VOTER-001605,Diana Prince
VOTER-001606,Charlie Brown
VOTER-001607,Bob Jones
VOTER-001608,Alice Smith
VOTER-001609,Alice Smith
VOTER-001610,Alice Smith
VOTER-001611,Bob Jones
VOTER-001612,Bob Jones
VOTER-001613,Alice Smith
VOTER-001614,Bob Jones
VOTER-001615,Diana Prince
VOTER-001616,Bob Jones
VOTER-001617,Diana Prince
VOTER-001618,Bob Jones
VOTER-001619,Alice Smith
VOTER-001620,Alice Smith
VOTER-001621,Diana Prince
VOTER-001622,Bob Jones
VOTER-001623,Diana Prince
VOTER-001624,Bob Jones
VOTER-001625,Diana Prince
VOTER-001626,Diana Prince
VOTER-001627,Bob Jones
VOTER-001628,Charlie Brown
VOTER-001629,Bob Jones
VOTER-001630,Alice Smith
VOTER-001631,Alice Smith
VOTER-001632,Bob Jones
VOTER-001633,Alice Smith
VOTER-001634,Bob Jones
VOTER-001635,Alice Smith
VOTER-001636,Alice Smith
VOTER-001637,Alice Smith
VOTER-001638,Alice Smith
VOTER-001639,Charlie Brown
VOTER-001640,Bob Jones
VOTER-001641,Diana Prince
VOTER-001642,Diana Prince
VOTER-001643,Charlie Brown
VOTER-001644,Bob Jones
VOTER-001645,Alice Smith
VOTER-001646,Charlie Brown
VOTER-001647,Diana Prince
VOTER-001648,Charlie Brown
VOTER-001649,Bob Jones
VOTER-001650,Bob Jones
VOTER-001651,Alice Smith
VOTER-001652,Bob Jones
VOTER-001653,Charlie Brown
VOTER-001654,Alice Smith
VOTER-001655,Alice Smith
VOTER-001656,Bob Jones
VOTER-001657,Alice Smith
VOTER-001658,Diana Prince
VOTER-001659,Alice Smith
VOTER-001660,Alice Smith
VOTER-001661,Bob Jones
VOTER-001662,Alice Smith
VOTER-001663,Bob Jones
VOTER-001664,Charlie Brown
VOTER-001665,Alice Smith
VOTER-001666,Alice Smith
VOTER-001667,Alice Smith
VOTER-001668,Bob Jones
VOTER-001669,Bob Jones
VOTER-001670,Alice Smith
VOTER-001671,Bob Jones
VOTER-001672,Charlie Brown
VOTER-001673,Bob Jones
VOTER-001674,Bob Jones
VOTER-001675,Charlie Brown
VOTER-001676,Bob Jones
VOTER-001677,Bob Jones
VOTER-001678,Alice Smith
VOTER-001679,Alice Smith
VOTER-001680,Alice Smith
VOTER-001681,Alice Smith
VOTER-001682,Diana Prince
VOTER-001683,Alice Smith
VOTER-001684,Bob Jones
VOTER-001685,Alice Smith
VOTER-001686,Bob Jones
VOTER-001687,Alice Smith
VOTER-001688,Alice Smith
VOTER-001689,Alice Smith
VOTER-001690,Bob Jones
VOTER-001691,Bob Jones
VOTER-001692,Bob Jones
VOTER-001693,Bob Jones
VOTER-001694,Alice Smith
VOTER-001695,Bob Jones
VOTER-001696,Charlie Brown
VOTER-001697,Alice Smith
VOTER-001698,Bob Jones
VOTER-001699,Bob Jones
VOTER-001700,Bob Jones
VOTER-001701,Bob Jones
VOTER-001702,Alice Smith
VOTER-001703,Charlie Brown
VOTER-001704,Alice Smith
VOTER-001705,Charlie Brown
VOTER-001706,Alice Smith
VOTER-001707,Charlie Brown
VOTER-001708,Bob Jones
VOTER-001709,Alice Smith
VOTER-001710,Charlie Brown
VOTER-001711,Alice Smith
VOTER-001712,Bob Jones
VOTER-001713,Bob Jones
VOTER-001714,Alice Smith
VOTER-001715,Charlie Brown
VOTER-001716,Bob Jones
VOTER-001717,Alice Smith
VOTER-001718,Bob Jones
VOTER-001719,Bob Jones
VOTER-001720,Bob Jones
VOTER-001721,Alice Smith
VOTER-001722,Alice Smith
VOTER-001723,Bob Jones
VOTER-001724,Bob Jones
VOTER-001725,Bob Jones
VOTER-001726,Alice Smith
VOTER-001727,Charlie Brown
VOTER-001728,Alice Smith
VOTER-001729,Bob Jones
VOTER-001730,Bob Jones
VOTER-001731,Bob Jones
VOTER-001732,Bob Jones
VOTER-001733,Alice Smith
VOTER-001734,Diana Prince
VOTER-001735,Bob Jones
VOTER-001736,Bob Jones
VOTER-001737,Bob Jones
VOTER-001738,Alice Smith
VOTER-001739,Bob Jones
VOTER-001740,Charlie Brown
VOTER-001741,Alice Smith
VOTER-001742,Alice Smith
VOTER-001743,Bob Jones
VOTER-001744,Alice Smith
VOTER-001745,Bob Jones
VOTER-001746,Alice Smith
VOTER-001747,Bob Jones
VOTER-001748,Alice Smith
VOTER-001749,Bob Jones
VOTER-001750,Bob Jones
VOTER-001751,Bob Jones
VOTER-001752,Bob Jones
VOTER-001753,Diana Prince
VOTER-001754,Bob Jones
VOTER-001755,Diana Prince
VOTER-001756,Diana Prince
VOTER-001757,Alice Smith
VOTER-001758,Alice Smith
VOTER-001759,Alice Smith
VOTER-001760,Alice Smith
VOTER-001761,Bob Jones
VOTER-001762,Bob Jones
VOTER-001763,Diana Prince
VOTER-001764,Alice Smith
VOTER-001765,Alice Smith
VOTER-001766,Bob Jones
VOTER-001767,Bob Jones
VOTER-001768,Alice Smith
VOTER-001769,Alice Smith
VOTER-001770,Alice Smith
VOTER-001771,Alice Smith
VOTER-001772,Bob Jones
VOTER-001773,Diana Prince
VOTER-001774,Bob Jones
VOTER-001775,Bob Jones
VOTER-001776,Alice Smith
VOTER-001777,Bob Jones
VOTER-001778,Alice Smith
VOTER-001779,Alice Smith
VOTER-001780,Charlie Brown
VOTER-001781,Diana Prince
VOTER-001782,Alice Smith
VOTER-001783,Bob Jones
VOTER-001784,Alice Smith
VOTER-001785,Charlie Brown
VOTER-001786,Bob Jones
VOTER-001787,Alice Smith
VOTER-001788,Alice Smith
VOTER-001789,Alice Smith
VOTER-001790,Bob Jones
VOTER-001791,Charlie Brown
VOTER-001792,Charlie Brown
VOTER-001793,Bob Jones
VOTER-001794,Charlie Brown
VOTER-001795,Alice Smith
VOTER-001796,Diana Prince
VOTER-001797,Alice Smith
VOTER-001798,Diana Prince
VOTER-001799,Alice Smith
VOTER-001800,Diana Prince
VOTER-001801,Bob Jones
VOTER-001802,Alice Smith
VOTER-001803,Bob Jones
VOTER-001804,Alice Smith
VOTER-001805,Bob Jones
VOTER-001806,Alice Smith
VOTER-001807,Alice Smith
VOTER-001808,Bob Jones
VOTER-001809,Charlie Brown
VOTER-001810,Bob Jones
VOTER-001811,Charlie Brown
VOTER-001812,Alice Smith
VOTER-001813,Alice Smith
VOTER-001814,Alice Smith
VOTER-001815,Diana Prince
VOTER-001816,Bob Jones
VOTER-001817,Bob Jones
VOTER-001818,Diana Prince
VOTER-001819,Alice Smith
VOTER-001820,Alice Smith
VOTER-001821,Alice Smith
VOTER-001822,Bob Jones
VOTER-001823,Diana Prince
VOTER-001824,Bob Jones
VOTER-001825,Bob Jones
VOTER-001826,Alice Smith
VOTER-001827,Diana Prince
VOTER-001828,Alice Smith
VOTER-001829,Charlie Brown
VOTER-001830,Bob Jones
VOTER-001831,Bob Jones
VOTER-001832,Alice Smith
VOTER-001833,Bob Jones
VOTER-001834,Bob Jones
VOTER-001835,Bob Jones
VOTER-001836,Bob Jones
VOTER-001837,Bob Jones
VOTER-001838,Bob Jones
VOTER-001839,Bob Jones
VOTER-001840,Bob Jones
VOTER-001841,Bob Jones
VOTER-001842,Bob Jones
VOTER-001843,Bob Jones
VOTER-001844,Diana Prince
VOTER-001845,Alice Smith
VOTER-001846,Diana Prince
VOTER-001847,Charlie Brown
VOTER-001848,Bob Jones
VOTER-001849,Charlie Brown
VOTER-001850,Bob Jones
VOTER-001851,Alice Smith
VOTER-001852,Charlie Brown
VOTER-001853,Bob Jones
VOTER-001854,Diana Prince
VOTER-001855,Bob Jones
VOTER-001856,Diana Prince
VOTER-001857,Alice Smith
VOTER-001858,Alice Smith
VOTER-001859,Alice Smith
VOTER-001860,Bob Jones
VOTER-001861,Bob Jones
VOTER-001862,Alice Smith
VOTER-001863,Alice Smith
VOTER-001864,Alice Smith
VOTER-001865,Charlie Brown
VOTER-001866,Diana Prince
VOTER-001867,Alice Smith
VOTER-001868,Bob Jones
VOTER-001869,Bob Jones
VOTER-001870,Alice Smith
VOTER-001871,Bob Jones
VOTER-001872,Alice Smith
VOTER-001873,Alice Smith
VOTER-001874,Alice Smith
VOTER-001875,Charlie Brown
VOTER-001876,Alice Smith
VOTER-001877,Alice Smith
VOTER-001878,Bob Jones
VOTER-001879,Charlie Brown
VOTER-001880,Charlie Brown
VOTER-001881,Alice Smith
VOTER-001882,Alice Smith
VOTER-001883,Bob Jones
VOTER-001884,Bob Jones
VOTER-001885,Charlie Brown
VOTER-001886,Bob Jones
VOTER-001887,Diana Prince
VOTER-001888,Charlie Brown
VOTER-001889,Bob Jones
VOTER-001890,Alice Smith
VOTER-001891,Bob Jones
VOTER-001892,Diana Prince
VOTER-001893,Alice Smith
VOTER-001894,Alice Smith
VOTER-001895,Alice Smith
VOTER-001896,Bob Jones
VOTER-001897,Alice Smith
VOTER-001898,Bob Jones
VOTER-001899,Alice Smith
VOTER-001900,Bob Jones
VOTER-001901,Bob Jones
VOTER-001902,Bob Jones
VOTER-001903,Charlie Brown
VOTER-001904,Diana Prince
VOTER-001905,Alice Smith
VOTER-001906,Alice Smith
VOTER-001907,Charlie Brown
VOTER-001908,Diana Prince
VOTER-001909,Alice Smith
VOTER-001910,Charlie Brown
VOTER-001911,Alice Smith
VOTER-001912,Charlie Brown
VOTER-001913,Charlie Brown
VOTER-001914,Alice Smith
VOTER-001915,Alice Smith
VOTER-001916,Alice Smith
VOTER-001917,Bob Jones
VOTER-001918,Alice Smith
VOTER-001919,Alice Smith
VOTER-001920,Alice Smith
VOTER-001921,Diana Prince
VOTER-001922,Alice Smith
VOTER-001923,Bob Jones
VOTER-001924,Bob Jones
VOTER-001925,Alice Smith
VOTER-001926,Bob Jones
VOTER-001927,Diana Prince
VOTER-001928,Bob Jones
VOTER-001929,Alice Smith
VOTER-001930,Bob Jones
VOTER-001931,Bob Jones
VOTER-001932,Alice Smith
VOTER-001933,Bob Jones
VOTER-001934,Alice Smith
VOTER-001935,Alice Smith
VOTER-001936,Charlie Brown
VOTER-001937,Charlie Brown
VOTER-001938,Bob Jones
VOTER-001939,Alice Smith
VOTER-001940,Alice Smith
VOTER-001941,Bob Jones
VOTER-001942,Alice Smith
VOTER-001943,Bob Jones
VOTER-001944,Alice Smith
VOTER-001945,Diana Prince
VOTER-001946,Bob Jones
VOTER-001947,Alice Smith
VOTER-001948,Charlie Brown
VOTER-001949,Alice Smith
VOTER-001950,Alice Smith
VOTER-001951,Bob Jones
VOTER-001952,Diana Prince
VOTER-001953,Alice Smith
VOTER-001954,Bob Jones
VOTER-001955,Diana Prince
VOTER-001956,Diana Prince
VOTER-001957,Charlie Brown
VOTER-001958,Charlie Brown
VOTER-001959,Diana Prince
VOTER-001960,Diana Prince
VOTER-001961,Alice Smith
VOTER-001962,Diana Prince
VOTER-001963,Alice Smith
VOTER-001964,Alice Smith
VOTER-001965,Bob Jones
VOTER-001966,Alice Smith
VOTER-001967,Bob Jones
VOTER-001968,Bob Jones
VOTER-001969,Diana Prince
VOTER-001970,Alice Smith
VOTER-001971,Bob Jones
VOTER-001972,Alice Smith
VOTER-001973,Bob Jones
VOTER-001974,Alice Smith
VOTER-001975,Alice Smith
VOTER-001976,Bob Jones
VOTER-001977,Alice Smith
VOTER-001978,Charlie Brown
VOTER-001979,Charlie Brown
VOTER-001980,Alice Smith
VOTER-001981,Alice Smith
VOTER-001982,Bob Jones
VOTER-001983,Bob Jones
VOTER-001984,Alice Smith
VOTER-001985,Bob Jones
VOTER-001986,Alice Smith
VOTER-001987,Alice Smith
VOTER-001988,Bob Jones
VOTER-001989,Diana Prince
VOTER-001990,Diana Prince
VOTER-001991,Bob Jones
VOTER-001992,Bob Jones
VOTER-001993,Diana Prince
VOTER-001994,Alice Smith
VOTER-001995,Charlie Brown
VOTER-001996,Alice Smith
VOTER-001997,Alice Smith
VOTER-001998,Diana Prince
VOTER-001999,Alice Smith
VOTER-002000,Alice Smith
VOTER-002001,Alice Smith
VOTER-002002,Alice Smith
VOTER-002003,Charlie Brown
VOTER-002004,Bob Jones
VOTER-002005,Charlie Brown
VOTER-002006,Diana Prince
VOTER-002007,Bob Jones
VOTER-002008,Alice Smith
VOTER-002009,Alice Smith
VOTER-002010,Diana Prince
VOTER-002011,Bob Jones
VOTER-002012,Charlie Brown
VOTER-002013,Alice Smith
VOTER-002014,Bob Jones
VOTER-002015,Alice Smith
VOTER-002016,Charlie Brown
VOTER-002017,Alice Smith
VOTER-002018,Diana Prince
VOTER-002019,Charlie Brown
VOTER-002020,Bob Jones
VOTER-002021,Alice Smith
VOTER-002022,Charlie Brown
VOTER-002023,Alice Smith
VOTER-002024,Alice Smith
VOTER-002025,Bob Jones
VOTER-002026,Bob Jones
VOTER-002027,Alice Smith
VOTER-002028,Diana Prince
VOTER-002029,Alice Smith
VOTER-002030,Diana Prince
VOTER-002031,Alice Smith
VOTER-002032,Bob Jones
VOTER-002033,Charlie Brown
VOTER-002034,Alice Smith
VOTER-002035,Alice Smith
VOTER-002036,Bob Jones
VOTER-002037,Charlie Brown
VOTER-002038,Bob Jones
VOTER-002039,Diana Prince
VOTER-002040,Charlie Brown
VOTER-002041,Bob Jones
VOTER-002042,Diana Prince
VOTER-002043,Alice Smith
VOTER-002044,Diana Prince
VOTER-002045,Charlie Brown
VOTER-002046,Alice Smith
VOTER-002047,Bob Jones
VOTER-002048,Alice Smith
VOTER-002049,Alice Smith
VOTER-002050,Charlie Brown
VOTER-002051,Bob Jones
VOTER-002052,Alice Smith
VOTER-002053,Bob Jones
VOTER-002054,Bob Jones
VOTER-002055,Alice Smith
VOTER-002056,Alice Smith
VOTER-002057,Alice Smith
VOTER-002058,Diana Prince
VOTER-002059,Bob Jones
VOTER-002060,Alice Smith
VOTER-002061,Alice Smith
VOTER-002062,Charlie Brown
VOTER-002063,Alice Smith
VOTER-002064,Alice Smith
VOTER-002065,Alice Smith
VOTER-002066,Bob Jones
VOTER-002067,Bob Jones
VOTER-002068,Alice Smith
VOTER-002069,Bob Jones
VOTER-002070,Alice Smith
VOTER-002071,Bob Jones
VOTER-002072,Charlie Brown
VOTER-002073,Charlie Brown
VOTER-002074,Bob Jones
VOTER-002075,Bob Jones
VOTER-002076,Charlie Brown
VOTER-002077,Diana Prince
VOTER-002078,Bob Jones
VOTER-002079,Alice Smith
VOTER-002080,Diana Prince
VOTER-002081,Alice Smith
VOTER-002082,Alice Smith
VOTER-002083,Alice Smith
VOTER-002084,Diana Prince
VOTER-002085,Alice Smith
VOTER-002086,Bob Jones
VOTER-002087,Bob Jones
VOTER-002088,Charlie Brown
VOTER-002089,Charlie Brown
VOTER-002090,Charlie Brown
VOTER-002091,Alice Smith
VOTER-002092,Charlie Brown
VOTER-002093,Alice Smith
VOTER-002094,Diana Prince
VOTER-002095,Charlie Brown
VOTER-002096,Bob Jones
VOTER-002097,Diana Prince
VOTER-002098,Alice Smith
VOTER-002099,Alice Smith
VOTER-002100,Bob Jones
VOTER-002101,Alice Smith
VOTER-002102,Alice Smith
VOTER-002103,Bob Jones
VOTER-002104,Alice Smith
VOTER-002105,Alice Smith
VOTER-002106,Alice Smith
VOTER-002107,Alice Smith
VOTER-002108,Diana Prince
VOTER-002109,Diana Prince
VOTER-002110,Alice Smith
VOTER-002111,Alice Smith
VOTER-002112,Bob Jones
VOTER-002113,Alice Smith
VOTER-002114,Charlie Brown
VOTER-002115,Charlie Brown
VOTER-002116,Bob Jones
VOTER-002117,Alice Smith
VOTER-002118,Charlie Brown
VOTER-002119,Charlie Brown
VOTER-002120,Charlie Brown
VOTER-002121,Bob Jones
VOTER-002122,Alice Smith
VOTER-002123,Bob Jones
VOTER-002124,Alice Smith
VOTER-002125,Alice Smith
VOTER-002126,Charlie Brown
VOTER-002127,Alice Smith
VOTER-002128,Alice Smith
VOTER-002129,Alice Smith
VOTER-002130,Alice Smith
VOTER-002131,Bob Jones
VOTER-002132,Bob Jones
VOTER-002133,Bob Jones
VOTER-002134,Bob Jones
VOTER-002135,Alice Smith
VOTER-002136,Alice Smith
VOTER-002137,Bob Jones
VOTER-002138,Bob Jones
VOTER-002139,Charlie Brown
VOTER-002140,Bob Jones
VOTER-002141,Alice Smith
VOTER-002142,Diana Prince
VOTER-002143,Bob Jones
VOTER-002144,Alice Smith
VOTER-002145,Bob Jones
VOTER-002146,Alice Smith
VOTER-002147,Charlie Brown
VOTER-002148,Bob Jones
VOTER-002149,Alice Smith
VOTER-002150,Alice Smith
VOTER-002151,Alice Smith
VOTER-002152,Bob Jones
VOTER-002153,Bob Jones
VOTER-002154,Bob Jones
VOTER-002155,Bob Jones
VOTER-002156,Alice Smith
VOTER-002157,Bob Jones
VOTER-002158,Bob Jones
VOTER-002159,Alice Smith
VOTER-002160,Bob Jones
VOTER-002161,Alice Smith
VOTER-002162,Bob Jones
VOTER-002163,Alice Smith
VOTER-002164,Alice Smith
VOTER-002165,Charlie Brown
VOTER-002166,Diana Prince
VOTER-002167,Diana Prince
VOTER-002168,Alice Smith
VOTER-002169,Bob Jones
VOTER-002170,Diana Prince
VOTER-002171,Bob Jones
VOTER-002172,Bob Jones
VOTER-002173,Alice Smith
VOTER-002174,Alice Smith
VOTER-002175,Bob Jones
VOTER-002176,Bob Jones
VOTER-002177,Bob Jones
VOTER-002178,Alice Smith
VOTER-002179,Alice Smith
VOTER-002180,Bob Jones
VOTER-002181,Diana Prince
VOTER-002182,Bob Jones
VOTER-002183,Bob Jones
VOTER-002184,Bob Jones
VOTER-002185,Diana Prince
VOTER-002186,Alice Smith
VOTER-002187,Charlie Brown
VOTER-002188,Bob Jones
VOTER-002189,Alice Smith
VOTER-002190,Alice Smith
VOTER-002191,Alice Smith
VOTER-002192,Alice Smith
VOTER-002193,Bob Jones
VOTER-002194,Alice Smith
VOTER-002195,Charlie Brown
VOTER-002196,Charlie Brown
VOTER-002197,Bob Jones
VOTER-002198,Alice Smith
VOTER-002199,Alice Smith
VOTER-002200,Alice Smith
VOTER-002201,Diana Prince
VOTER-002202,Bob Jones
VOTER-002203,Bob Jones
VOTER-002204,Alice Smith
VOTER-002205,Alice Smith
VOTER-002206,Bob Jones
VOTER-002207,Alice Smith
VOTER-002208,Charlie Brown
VOTER-002209,Alice Smith
VOTER-002210,Bob Jones
VOTER-002211,Alice Smith
VOTER-002212,Alice Smith
VOTER-002213,Bob Jones
VOTER-002214,Alice Smith
VOTER-002215,Charlie Brown
VOTER-002216,Alice Smith
VOTER-002217,Alice Smith
VOTER-002218,Diana Prince
VOTER-002219,Diana Prince
VOTER-002220,Diana Prince
VOTER-002221,Diana Prince
VOTER-002222,Bob Jones
VOTER-002223,Charlie Brown
VOTER-002224,Diana Prince
VOTER-002225,Charlie Brown
VOTER-002226,Alice Smith
VOTER-002227,Alice Smith
VOTER-002228,Bob Jones
VOTER-002229,Charlie Brown
VOTER-002230,Alice Smith
VOTER-002231,Charlie Brown
VOTER-002232,Bob Jones
VOTER-002233,Alice Smith
VOTER-002234,Bob Jones
VOTER-002235,Bob Jones
VOTER-002236,Alice Smith
VOTER-002237,Bob Jones
VOTER-002238,Charlie Brown
VOTER-002239,Alice Smith
VOTER-002240,Alice Smith
VOTER-002241,Alice Smith
VOTER-002242,Charlie Brown
VOTER-002243,Alice Smith
VOTER-002244,Alice Smith
VOTER-002245,Alice Smith
VOTER-002246,Alice Smith
VOTER-002247,Alice Smith
VOTER-002248,Diana Prince
VOTER-002249,Alice Smith
VOTER-002250,Bob Jones
VOTER-002251,Alice Smith
VOTER-002252,Alice Smith
VOTER-002253,Diana Prince
VOTER-002254,Alice Smith
VOTER-002255,Bob Jones
VOTER-002256,Alice Smith
VOTER-002257,Charlie Brown
VOTER-002258,Bob Jones
VOTER-002259,Bob Jones
VOTER-002260,Bob Jones
VOTER-002261,Bob Jones
VOTER-002262,Bob Jones
VOTER-002263,Bob Jones
VOTER-002264,Alice Smith
VOTER-002265,Alice Smith
VOTER-002266,Diana Prince
VOTER-002267,Charlie Brown
VOTER-002268,Charlie Brown
VOTER-002269,Bob Jones
VOTER-002270,Alice Smith
VOTER-002271,Bob Jones
VOTER-002272,Bob Jones
VOTER-002273,Bob Jones
VOTER-002274,Alice Smith
VOTER-002275,Charlie Brown
VOTER-002276,Charlie Brown
VOTER-002277,Alice Smith
VOTER-002278,Diana Prince
VOTER-002279,Bob Jones
VOTER-002280,Alice Smith
VOTER-002281,Charlie Brown
VOTER-002282,Alice Smith
VOTER-002283,Charlie Brown
VOTER-002284,Charlie Brown
VOTER-002285,Alice Smith
VOTER-002286,Alice Smith
VOTER-002287,Bob Jones
VOTER-002288,Alice Smith
VOTER-002289,Charlie Brown
VOTER-002290,Bob Jones
VOTER-002291,Diana Prince
VOTER-002292,Alice Smith
VOTER-002293,Bob Jones
VOTER-002294,Bob Jones
VOTER-002295,Alice Smith
VOTER-002296,Bob Jones
VOTER-002297,Alice Smith
VOTER-002298,Bob Jones
VOTER-002299,Bob Jones
VOTER-002300,Alice Smith
VOTER-002301,Bob Jones
VOTER-002302,Alice Smith
VOTER-002303,Bob Jones
VOTER-002304,Charlie Brown
VOTER-002305,Diana Prince
VOTER-002306,Bob Jones
VOTER-002307,Alice Smith
VOTER-002308,Bob Jones
VOTER-002309,Bob Jones
VOTER-002310,Bob Jones
VOTER-002311,Alice Smith
VOTER-002312,Alice Smith
VOTER-002313,Bob Jones
VOTER-002314,Diana Prince
VOTER-002315,Alice Smith
VOTER-002316,Bob Jones
VOTER-002317,Bob Jones
VOTER-002318,Diana Prince
VOTER-002319,Bob Jones
VOTER-002320,Charlie Brown
VOTER-002321,Alice Smith
VOTER-002322,Bob Jones
VOTER-002323,Alice Smith
VOTER-002324,Bob Jones
VOTER-002325,Diana Prince
VOTER-002326,Alice Smith
VOTER-002327,Bob Jones
VOTER-002328,Alice Smith
VOTER-002329,Bob Jones
VOTER-002330,Alice Smith
VOTER-002331,Alice Smith
VOTER-002332,Charlie Brown
VOTER-002333,Bob Jones
VOTER-002334,Alice Smith
VOTER-002335,Bob Jones
VOTER-002336,Bob Jones
VOTER-002337,Bob Jones
VOTER-002338,Alice Smith
VOTER-002339,Diana Prince
VOTER-002340,Alice Smith
VOTER-002341,Bob Jones
VOTER-002342,Bob Jones
VOTER-002343,Bob Jones
VOTER-002344,Alice Smith
VOTER-002345,Bob Jones
VOTER-002346,Bob Jones
VOTER-002347,Alice Smith
VOTER-002348,Alice Smith
VOTER-002349,Diana Prince
VOTER-002350,Bob Jones
VOTER-002351,Alice Smith
VOTER-002352,Alice Smith
VOTER-002353,Alice Smith
VOTER-002354,Bob Jones
VOTER-002355,Bob Jones
VOTER-002356,Bob Jones
VOTER-002357,Alice Smith
VOTER-002358,Alice Smith
VOTER-002359,Alice Smith
VOTER-002360,Alice Smith
VOTER-002361,Alice Smith
VOTER-002362,Bob Jones
VOTER-002363,Diana Prince
VOTER-002364,Charlie Brown
VOTER-002365,Charlie Brown
VOTER-002366,Diana Prince
VOTER-002367,Diana Prince
VOTER-002368,Bob Jones
VOTER-002369,Alice Smith
VOTER-002370,Alice Smith
VOTER-002371,Alice Smith
VOTER-002372,Alice Smith
VOTER-002373,Charlie Brown
VOTER-002374,Alice Smith
VOTER-002375,Alice Smith
VOTER-002376,Bob Jones
VOTER-002377,Alice Smith
VOTER-002378,Bob Jones
VOTER-002379,Bob Jones
VOTER-002380,Alice Smith
VOTER-002381,Diana Prince
VOTER-002382,Alice Smith
VOTER-002383,Charlie Brown
VOTER-002384,Bob Jones
VOTER-002385,Alice Smith
VOTER-002386,Alice Smith
VOTER-002387,Charlie Brown
VOTER-002388,Bob Jones
VOTER-002389,Charlie Brown
VOTER-002390,Alice Smith
VOTER-002391,Alice Smith
VOTER-002392,Alice Smith
VOTER-002393,Alice Smith
VOTER-002394,Bob Jones
VOTER-002395,Alice Smith
VOTER-002396,Diana Prince
VOTER-002397,Diana Prince
VOTER-002398,Alice Smith
VOTER-002399,Bob Jones
VOTER-002400,Charlie Brown
VOTER-002401,Diana Prince
VOTER-002402,Charlie Brown
VOTER-002403,Diana Prince
VOTER-002404,Charlie Brown
VOTER-002405,Charlie Brown
VOTER-002406,Bob Jones
VOTER-002407,Alice Smith
VOTER-002408,Bob Jones
VOTER-002409,Alice Smith
VOTER-002410,Alice Smith
VOTER-002411,Bob Jones
VOTER-002412,Alice Smith
VOTER-002413,Bob Jones
VOTER-002414,Diana Prince
VOTER-002415,Alice Smith
VOTER-002416,Diana Prince
VOTER-002417,Bob Jones
VOTER-002418,Alice Smith
VOTER-002419,Bob Jones
VOTER-002420,Alice Smith
VOTER-002421,Alice Smith
VOTER-002422,Alice Smith
VOTER-002423,Bob Jones
VOTER-002424,Alice Smith
VOTER-002425,Alice Smith
VOTER-002426,Bob Jones
VOTER-002427,Bob Jones
VOTER-002428,Alice Smith
VOTER-002429,Diana Prince
VOTER-002430,Bob Jones
VOTER-002431,Charlie Brown
VOTER-002432,Bob Jones
VOTER-002433,Alice Smith
VOTER-002434,Alice Smith
VOTER-002435,Bob Jones
VOTER-002436,Bob Jones
VOTER-002437,Alice Smith
VOTER-002438,Bob Jones
VOTER-002439,Alice Smith
VOTER-002440,Bob Jones
VOTER-002441,Charlie Brown
VOTER-002442,Charlie Brown
VOTER-002443,Charlie Brown
VOTER-002444,Charlie Brown
VOTER-002445,Bob Jones
VOTER-002446,Bob Jones
VOTER-002447,Bob Jones
VOTER-002448,Alice Smith
VOTER-002449,Bob Jones
VOTER-002450,Charlie Brown
VOTER-002451,Alice Smith
VOTER-002452,Alice Smith
VOTER-002453,Alice Smith
VOTER-002454,Alice Smith
VOTER-002455,Bob Jones
VOTER-002456,Alice Smith
VOTER-002457,Bob Jones
VOTER-002458,Alice Smith
VOTER-002459,Alice Smith
VOTER-002460,Alice Smith
VOTER-002461,Bob Jones
VOTER-002462,Bob Jones
VOTER-002463,Bob Jones
VOTER-002464,Alice Smith
VOTER-002465,Alice Smith
VOTER-002466,Alice Smith
VOTER-002467,Bob Jones
VOTER-002468,Alice Smith
VOTER-002469,Bob Jones
VOTER-002470,Alice Smith
VOTER-002471,Bob Jones
VOTER-002472,Alice Smith
VOTER-002473,Alice Smith
VOTER-002474,Charlie Brown
VOTER-002475,Alice Smith
VOTER-002476,Bob Jones
VOTER-002477,Bob Jones
VOTER-002478,Alice Smith
VOTER-002479,Alice Smith
VOTER-002480,Diana Prince
VOTER-002481,Bob Jones
VOTER-002482,Bob Jones
VOTER-002483,Alice Smith
VOTER-002484,Bob Jones
VOTER-002485,Alice Smith
VOTER-002486,Charlie Brown
VOTER-002487,Diana Prince
VOTER-002488,Bob Jones
VOTER-002489,Alice Smith
VOTER-002490,Charlie Brown
VOTER-002491,Diana Prince
VOTER-002492,Bob Jones
VOTER-002493,Alice Smith
VOTER-002494,Alice Smith
VOTER-002495,Alice Smith
VOTER-002496,Bob Jones
VOTER-002497,Bob Jones
VOTER-002498,Alice Smith
VOTER-002499,Alice Smith
VOTER-002500,Bob Jones
VOTER-002501,Charlie Brown
VOTER-002502,Alice Smith
VOTER-002503,Alice Smith
VOTER-002504,Alice Smith
VOTER-002505,Charlie Brown
VOTER-002506,Charlie Brown
VOTER-002507,Alice Smith
VOTER-002508,Bob Jones
VOTER-002509,Bob Jones
VOTER-002510,Alice Smith
VOTER-002511,Bob Jones
VOTER-002512,Bob Jones
VOTER-002513,Alice Smith
VOTER-002514,Alice Smith
VOTER-002515,Alice Smith
VOTER-002516,Bob Jones
VOTER-002517,Bob Jones
VOTER-002518,Alice Smith
VOTER-002519,Bob Jones
VOTER-002520,Alice Smith
VOTER-002521,Alice Smith
VOTER-002522,Bob Jones
VOTER-002523,Charlie Brown
VOTER-002524,Alice Smith
VOTER-002525,Alice Smith
VOTER-002526,Alice Smith
VOTER-002527,Bob Jones
VOTER-002528,Bob Jones
VOTER-002529,Bob Jones
VOTER-002530,Alice Smith
VOTER-002531,Alice Smith
VOTER-002532,Bob Jones
VOTER-002533,Alice Smith
VOTER-002534,Alice Smith
VOTER-002535,Alice Smith
VOTER-002536,Alice Smith
VOTER-002537,Alice Smith
VOTER-002538,Charlie Brown
VOTER-002539,Bob Jones
VOTER-002540,Charlie Brown
VOTER-002541,Charlie Brown
VOTER-002542,Bob Jones
VOTER-002543,Bob Jones
VOTER-002544,Diana Prince
VOTER-002545,Bob Jones
VOTER-002546,Charlie Brown
VOTER-002547,Alice Smith
VOTER-002548,Alice Smith
VOTER-002549,Bob Jones
VOTER-002550,Alice Smith
VOTER-002551,Charlie Brown
VOTER-002552,Bob Jones
VOTER-002553,Diana Prince
VOTER-002554,Bob Jones
VOTER-002555,Bob Jones
VOTER-002556,Alice Smith
VOTER-002557,Alice Smith
VOTER-002558,Charlie Brown
VOTER-002559,Charlie Brown
VOTER-002560,Bob Jones
VOTER-002561,Bob Jones
VOTER-002562,Alice Smith
VOTER-002563,Alice Smith
VOTER-002564,Charlie Brown
VOTER-002565,Alice Smith
VOTER-002566,Alice Smith
VOTER-002567,Bob Jones
VOTER-002568,Bob Jones
VOTER-002569,Bob Jones
VOTER-002570,Bob Jones
VOTER-002571,Bob Jones
VOTER-002572,Charlie Brown
VOTER-002573,Alice Smith
VOTER-002574,Alice Smith
VOTER-002575,Alice Smith
VOTER-002576,Bob Jones
VOTER-002577,Bob Jones
VOTER-002578,Alice Smith
VOTER-002579,Diana Prince
VOTER-002580,Charlie Brown
VOTER-002581,Alice Smith
VOTER-002582,Alice Smith
VOTER-002583,Alice Smith
VOTER-002584,Bob Jones
VOTER-002585,Alice Smith
VOTER-002586,Bob Jones
VOTER-002587,Bob Jones
VOTER-002588,Charlie Brown
VOTER-002589,Alice Smith
VOTER-002590,Bob Jones
VOTER-002591,Charlie Brown
VOTER-002592,Bob Jones
VOTER-002593,Alice Smith
VOTER-002594,Bob Jones
VOTER-002595,Bob Jones
VOTER-002596,Diana Prince
VOTER-002597,Charlie Brown
VOTER-002598,Charlie Brown
VOTER-002599,Charlie Brown
VOTER-002600,Diana Prince
VOTER-002601,Alice Smith
VOTER-002602,Charlie Brown
VOTER-002603,Alice Smith
VOTER-002604,Bob Jones
VOTER-002605,Alice Smith
VOTER-002606,Alice Smith
VOTER-002607,Diana Prince
VOTER-002608,Diana Prince
VOTER-002609,Bob Jones
VOTER-002610,Bob Jones
VOTER-002611,Alice Smith
VOTER-002612,Alice Smith
VOTER-002613,Bob Jones
VOTER-002614,Diana Prince
VOTER-002615,Bob Jones
VOTER-002616,Diana Prince
VOTER-002617,Alice Smith
VOTER-002618,Alice Smith
VOTER-002619,Charlie Brown
VOTER-002620,Bob Jones
VOTER-002621,Bob Jones
VOTER-002622,Alice Smith
VOTER-002623,Alice Smith
VOTER-002624,Charlie Brown
VOTER-002625,Alice Smith
VOTER-002626,Alice Smith
VOTER-002627,Bob Jones
VOTER-002628,Diana Prince
VOTER-002629,Alice Smith
VOTER-002630,Alice Smith
VOTER-002631,Bob Jones
VOTER-002632,Alice Smith
VOTER-002633,Alice Smith
VOTER-002634,Alice Smith
VOTER-002635,Diana Prince
VOTER-002636,Bob Jones
VOTER-002637,Bob Jones
VOTER-002638,Bob Jones
VOTER-002639,Bob Jones
VOTER-002640,Alice Smith
VOTER-002641,Diana Prince
VOTER-002642,Bob Jones
VOTER-002643,Bob Jones
VOTER-002644,Bob Jones
VOTER-002645,Alice Smith
VOTER-002646,Bob Jones
VOTER-002647,Bob Jones
VOTER-002648,Bob Jones
VOTER-002649,Diana Prince
VOTER-002650,Bob Jones
VOTER-002651,Alice Smith
VOTER-002652,Bob Jones
VOTER-002653,Alice Smith
VOTER-002654,Alice Smith
VOTER-002655,Alice Smith
VOTER-002656,Bob Jones
VOTER-002657,Alice Smith
VOTER-002658,Alice Smith
VOTER-002659,Diana Prince
VOTER-002660,Bob Jones
VOTER-002661,Diana Prince
VOTER-002662,Bob Jones
VOTER-002663,Alice Smith
VOTER-002664,Alice Smith
VOTER-002665,Bob Jones
VOTER-002666,Alice Smith
VOTER-002667,Alice Smith
VOTER-002668,Alice Smith
VOTER-002669,Charlie Brown
VOTER-002670,Alice Smith
VOTER-002671,Bob Jones
VOTER-002672,Alice Smith
VOTER-002673,Bob Jones
VOTER-002674,Charlie Brown
VOTER-002675,Bob Jones
VOTER-002676,Bob Jones
VOTER-002677,Diana Prince
VOTER-002678,Alice Smith
VOTER-002679,Bob Jones
VOTER-002680,Alice Smith
VOTER-002681,Diana Prince
VOTER-002682,Alice Smith
VOTER-002683,Charlie Brown
VOTER-002684,Charlie Brown
VOTER-002685,Bob Jones
VOTER-002686,Charlie Brown
VOTER-002687,Diana Prince
VOTER-002688,Alice Smith
VOTER-002689,Bob Jones
VOTER-002690,Bob Jones
VOTER-002691,Bob Jones
VOTER-002692,Charlie Brown
VOTER-002693,Alice Smith
VOTER-002694,Bob Jones
VOTER-002695,Bob Jones
VOTER-002696,Alice Smith
VOTER-002697,Alice Smith
VOTER-002698,Bob Jones
VOTER-002699,Alice Smith
VOTER-002700,Diana Prince
VOTER-002701,Charlie Brown
VOTER-002702,Bob Jones
VOTER-002703,Bob Jones
VOTER-002704,Alice Smith
VOTER-002705,Bob Jones
VOTER-002706,Alice Smith
VOTER-002707,Diana Prince
VOTER-002708,Alice Smith
VOTER-002709,Alice Smith
VOTER-002710,Charlie Brown
VOTER-002711,Bob Jones
VOTER-002712,Alice Smith
VOTER-002713,Diana Prince
VOTER-002714,Alice Smith
VOTER-002715,Alice Smith
VOTER-002716,Charlie Brown
VOTER-002717,Bob Jones
VOTER-002718,Alice Smith
VOTER-002719,Bob Jones
VOTER-002720,Bob Jones
VOTER-002721,Bob Jones
VOTER-002722,Charlie Brown
VOTER-002723,Bob Jones
VOTER-002724,Alice Smith
VOTER-002725,Alice Smith
VOTER-002726,Charlie Brown
VOTER-002727,Alice Smith
VOTER-002728,Alice Smith
VOTER-002729,Bob Jones
VOTER-002730,Alice Smith
VOTER-002731,Alice Smith
VOTER-002732,Charlie Brown
VOTER-002733,Bob Jones
VOTER-002734,Bob Jones
VOTER-002735,Alice Smith
VOTER-002736,Diana Prince
VOTER-002737,Alice Smith
VOTER-002738,Alice Smith
VOTER-002739,Alice Smith
VOTER-002740,Alice Smith
VOTER-002741,Bob Jones
VOTER-002742,Diana Prince
VOTER-002743,Alice Smith
VOTER-002744,Alice Smith
VOTER-002745,Diana Prince
VOTER-002746,Bob Jones
VOTER-002747,Alice Smith
VOTER-002748,Bob Jones
VOTER-002749,Diana Prince
VOTER-002750,Alice Smith
VOTER-002751,Alice Smith
VOTER-002752,Alice Smith
VOTER-002753,Alice Smith
VOTER-002754,Alice Smith
VOTER-002755,Alice Smith
VOTER-002756,Bob Jones
VOTER-002757,Charlie Brown
VOTER-002758,Bob Jones
VOTER-002759,Bob Jones
VOTER-002760,Bob Jones
VOTER-002761,Charlie Brown
VOTER-002762,Diana Prince
VOTER-002763,Bob Jones
VOTER-002764,Diana Prince
VOTER-002765,Alice Smith
VOTER-002766,Bob Jones
VOTER-002767,Bob Jones
VOTER-002768,Alice Smith
VOTER-002769,Bob Jones
VOTER-002770,Bob Jones
VOTER-002771,Alice Smith
VOTER-002772,Alice Smith
VOTER-002773,Alice Smith
VOTER-002774,Bob Jones
VOTER-002775,Alice Smith
VOTER-002776,Diana Prince
VOTER-002777,Bob Jones
VOTER-002778,Alice Smith
VOTER-002779,Alice Smith
VOTER-002780,Bob Jones
VOTER-002781,Diana Prince
VOTER-002782,Charlie Brown
VOTER-002783,Alice Smith
VOTER-002784,Alice Smith
VOTER-002785,Bob Jones
VOTER-002786,Alice Smith
VOTER-002787,Alice Smith
VOTER-002788,Bob Jones
VOTER-002789,Alice Smith
VOTER-002790,Alice Smith
VOTER-002791,Charlie Brown
VOTER-002792,Charlie Brown
VOTER-002793,Diana Prince
VOTER-002794,Alice Smith
VOTER-002795,Alice Smith
VOTER-002796,Bob Jones
VOTER-002797,Bob Jones
VOTER-002798,Charlie Brown
VOTER-002799,Charlie Brown
VOTER-002800,Bob Jones
VOTER-002801,Diana Prince
VOTER-002802,Alice Smith
VOTER-002803,Charlie Brown
VOTER-002804,Bob Jones
VOTER-002805,Charlie Brown
VOTER-002806,Alice Smith
VOTER-002807,Alice Smith
VOTER-002808,Alice Smith
VOTER-002809,Charlie Brown
VOTER-002810,Bob Jones
VOTER-002811,Bob Jones
VOTER-002812,Bob Jones
VOTER-002813,Charlie Brown
VOTER-002814,Bob Jones
VOTER-002815,Alice Smith
VOTER-002816,Bob Jones
VOTER-002817,Alice Smith
VOTER-002818,Diana Prince
VOTER-002819,Alice Smith
VOTER-002820,Alice Smith
VOTER-002821,Bob Jones
VOTER-002822,Alice Smith
VOTER-002823,Alice Smith
VOTER-002824,Alice Smith
VOTER-002825,Charlie Brown
VOTER-002826,Alice Smith
VOTER-002827,Alice Smith
VOTER-002828,Diana Prince
VOTER-002829,Alice Smith
VOTER-002830,Alice Smith
VOTER-002831,Bob Jones
VOTER-002832,Bob Jones
VOTER-002833,Alice Smith
VOTER-002834,Diana Prince
VOTER-002835,Alice Smith
VOTER-002836,Bob Jones
VOTER-002837,Diana Prince
VOTER-002838,Bob Jones
VOTER-002839,Diana Prince
VOTER-002840,Bob Jones
VOTER-002841,Alice Smith
VOTER-002842,Alice Smith
VOTER-002843,Bob Jones
VOTER-002844,Diana Prince
VOTER-002845,Alice Smith
VOTER-002846,Alice Smith
VOTER-002847,Charlie Brown
VOTER-002848,Alice Smith
VOTER-002849,Charlie Brown
VOTER-002850,Alice Smith
VOTER-002851,Bob Jones
VOTER-002852,Diana Prince
VOTER-002853,Alice Smith
VOTER-002854,Charlie Brown
VOTER-002855,Alice Smith
VOTER-002856,Alice Smith
VOTER-002857,Alice Smith
VOTER-002858,Alice Smith
VOTER-002859,Bob Jones
VOTER-002860,Alice Smith
VOTER-002861,Alice Smith
VOTER-002862,Bob Jones
VOTER-002863,Bob Jones
VOTER-002864,Alice Smith
VOTER-002865,Bob Jones
VOTER-002866,Alice Smith
VOTER-002867,Alice Smith
VOTER-002868,Bob Jones
VOTER-002869,Charlie Brown
VOTER-002870,Charlie Brown
VOTER-002871,Charlie Brown
VOTER-002872,Charlie Brown
VOTER-002873,Bob Jones
VOTER-002874,Bob Jones
VOTER-002875,Bob Jones
VOTER-002876,Alice Smith
VOTER-002877,Diana Prince
VOTER-002878,Bob Jones
VOTER-002879,Alice Smith
VOTER-002880,Charlie Brown
VOTER-002881,Charlie Brown
VOTER-002882,Bob Jones
VOTER-002883,Alice Smith
VOTER-002884,Alice Smith
VOTER-002885,Bob Jones
VOTER-002886,Bob Jones
VOTER-002887,Charlie Brown
VOTER-002888,Alice Smith
VOTER-002889,Alice Smith
VOTER-002890,Charlie Brown
VOTER-002891,Bob Jones
VOTER-002892,Bob Jones
VOTER-002893,Charlie Brown
VOTER-002894,Diana Prince
VOTER-002895,Charlie Brown
VOTER-002896,Charlie Brown
VOTER-002897,Alice Smith
VOTER-002898,Charlie Brown
VOTER-002899,Alice Smith
VOTER-002900,Alice Smith
VOTER-002901,Charlie Brown
VOTER-002902,Charlie Brown
VOTER-002903,Alice Smith
VOTER-002904,Alice Smith
VOTER-002905,Alice Smith
VOTER-002906,Charlie Brown
VOTER-002907,Bob Jones
VOTER-002908,Alice Smith
VOTER-002909,Bob Jones
VOTER-002910,Bob Jones
VOTER-002911,Diana Prince
VOTER-002912,Bob Jones
VOTER-002913,Alice Smith
VOTER-002914,Bob Jones
VOTER-002915,Bob Jones
VOTER-002916,Alice Smith
VOTER-002917,Alice Smith
VOTER-002918,Alice Smith
VOTER-002919,Alice Smith
VOTER-002920,Charlie Brown
VOTER-002921,Alice Smith
VOTER-002922,Alice Smith
VOTER-002923,Diana Prince
VOTER-002924,Diana Prince
VOTER-002925,Alice Smith
VOTER-002926,Alice Smith
VOTER-002927,Charlie Brown
VOTER-002928,Charlie Brown
VOTER-002929,Alice Smith
VOTER-002930,Bob Jones
VOTER-002931,Diana Prince
VOTER-002932,Charlie Brown
VOTER-002933,Charlie Brown
VOTER-002934,Bob Jones
VOTER-002935,Alice Smith
VOTER-002936,Bob Jones
VOTER-002937,Alice Smith
VOTER-002938,Bob Jones
VOTER-002939,Bob Jones
VOTER-002940,Alice Smith
VOTER-002941,Alice Smith
VOTER-002942,Alice Smith
VOTER-002943,Bob Jones
VOTER-002944,Bob Jones
VOTER-002945,Charlie Brown
VOTER-002946,Charlie Brown
VOTER-002947,Bob Jones
VOTER-002948,Charlie Brown
VOTER-002949,Bob Jones
VOTER-002950,Alice Smith
VOTER-002951,Alice Smith
VOTER-002952,Charlie Brown
VOTER-002953,Alice Smith
VOTER-002954,Alice Smith
VOTER-002955,Bob Jones
VOTER-002956,Diana Prince
VOTER-002957,Alice Smith
VOTER-002958,Alice Smith
VOTER-002959,Charlie Brown
VOTER-002960,Diana Prince
VOTER-002961,Bob Jones
VOTER-002962,Alice Smith
VOTER-002963,Diana Prince
VOTER-002964,Alice Smith
VOTER-002965,Alice Smith
VOTER-002966,Alice Smith
VOTER-002967,Charlie Brown
VOTER-002968,Charlie Brown
VOTER-002969,Charlie Brown
VOTER-002970,Bob Jones
VOTER-002971,Bob Jones
VOTER-002972,Alice Smith
VOTER-002973,Alice Smith
VOTER-002974,Bob Jones
VOTER-002975,Alice Smith
VOTER-002976,Alice Smith
VOTER-002977,Bob Jones
VOTER-002978,Bob Jones
VOTER-002979,Alice Smith
VOTER-002980,Alice Smith
VOTER-002981,Alice Smith
VOTER-002982,Bob Jones
VOTER-002983,Diana Prince
VOTER-002984,Charlie Brown
VOTER-002985,Bob Jones
VOTER-002986,Charlie Brown
VOTER-002987,Diana Prince
VOTER-002988,Alice Smith
VOTER-002989,Bob Jones
VOTER-002990,Charlie Brown
VOTER-002991,Charlie Brown
VOTER-002992,Bob Jones
VOTER-002993,Bob Jones
VOTER-002994,Alice Smith
VOTER-002995,Bob Jones
VOTER-002996,Bob Jones
VOTER-002997,Bob Jones
VOTER-002998,Bob Jones
VOTER-002999,Alice Smith
VOTER-003000,Bob Jones
VOTER-003001,Alice Smith
VOTER-003002,Bob Jones
VOTER-003003,Bob Jones
VOTER-003004,Charlie Brown
VOTER-003005,Bob Jones
VOTER-003006,Diana Prince
VOTER-003007,Alice Smith
VOTER-003008,Charlie Brown
VOTER-003009,Charlie Brown
VOTER-003010,Bob Jones
VOTER-003011,Charlie Brown
VOTER-003012,Alice Smith
VOTER-003013,Bob Jones
VOTER-003014,Alice Smith
VOTER-003015,Alice Smith
VOTER-003016,Alice Smith
VOTER-003017,Charlie Brown
VOTER-003018,Diana Prince
VOTER-003019,Bob Jones
VOTER-003020,Alice Smith
VOTER-003021,Diana Prince
VOTER-003022,Alice Smith
VOTER-003023,Charlie Brown
VOTER-003024,Alice Smith
VOTER-003025,Alice Smith
VOTER-003026,Bob Jones
VOTER-003027,Bob Jones
VOTER-003028,Charlie Brown
VOTER-003029,Charlie Brown
VOTER-003030,Bob Jones
VOTER-003031,Diana Prince
VOTER-003032,Alice Smith
VOTER-003033,Bob Jones
VOTER-003034,Alice Smith
VOTER-003035,Bob Jones
VOTER-003036,Charlie Brown
VOTER-003037,Alice Smith
VOTER-003038,Alice Smith
VOTER-003039,Charlie Brown
VOTER-003040,Bob Jones
VOTER-003041,Bob Jones
VOTER-003042,Alice Smith
VOTER-003043,Charlie Brown
VOTER-003044,Alice Smith
VOTER-003045,Alice Smith
VOTER-003046,Bob Jones
VOTER-003047,Bob Jones
VOTER-003048,Alice Smith
VOTER-003049,Alice Smith
VOTER-003050,Alice Smith
VOTER-003051,Diana Prince
VOTER-003052,Bob Jones
VOTER-003053,Bob Jones
VOTER-003054,Alice Smith
VOTER-003055,Diana Prince
VOTER-003056,Alice Smith
VOTER-003057,Alice Smith
VOTER-003058,Alice Smith
VOTER-003059,Charlie Brown
VOTER-003060,Charlie Brown
VOTER-003061,Bob Jones
VOTER-003062,Alice Smith
VOTER-003063,Alice Smith
VOTER-003064,Alice Smith
VOTER-003065,Alice Smith
VOTER-003066,Bob Jones
VOTER-003067,Alice Smith
VOTER-003068,Bob Jones
VOTER-003069,Bob Jones
VOTER-003070,Alice Smith
VOTER-003071,Charlie Brown
VOTER-003072,Diana Prince
VOTER-003073,Alice Smith
VOTER-003074,Charlie Brown
VOTER-003075,Alice Smith
VOTER-003076,Bob Jones
VOTER-003077,Diana Prince
VOTER-003078,Bob Jones
VOTER-003079,Alice Smith
VOTER-003080,Bob Jones
VOTER-003081,Alice Smith
VOTER-003082,Alice Smith
VOTER-003083,Charlie Brown
VOTER-003084,Bob Jones
VOTER-003085,Charlie Brown
VOTER-003086,Alice Smith
VOTER-003087,Alice Smith
VOTER-003088,Diana Prince
VOTER-003089,Alice Smith
VOTER-003090,Bob Jones
VOTER-003091,Charlie Brown
VOTER-003092,Bob Jones
VOTER-003093,Bob Jones
VOTER-003094,Alice Smith
VOTER-003095,Alice Smith
VOTER-003096,Alice Smith
VOTER-003097,Bob Jones
VOTER-003098,Alice Smith
VOTER-003099,Alice Smith
VOTER-003100,Diana Prince
VOTER-003101,Bob Jones
VOTER-003102,Charlie Brown
VOTER-003103,Bob Jones
VOTER-003104,Bob Jones
VOTER-003105,Alice Smith
VOTER-003106,Alice Smith
VOTER-003107,Charlie Brown
VOTER-003108,Charlie Brown
VOTER-003109,Bob Jones
VOTER-003110,Bob Jones
VOTER-003111,Bob Jones
VOTER-003112,Charlie Brown
VOTER-003113,Alice Smith
VOTER-003114,Bob Jones
VOTER-003115,Alice Smith
VOTER-003116,Bob Jones
VOTER-003117,Alice Smith
VOTER-003118,Charlie Brown
VOTER-003119,Charlie Brown
VOTER-003120,Charlie Brown
VOTER-003121,Diana Prince
VOTER-003122,Charlie Brown
VOTER-003123,Bob Jones
VOTER-003124,Bob Jones
VOTER-003125,Alice Smith
VOTER-003126,Alice Smith
VOTER-003127,Charlie Brown
VOTER-003128,Bob Jones
VOTER-003129,Diana Prince
VOTER-003130,Bob Jones
VOTER-003131,Alice Smith
VOTER-003132,Alice Smith
VOTER-003133,Alice Smith
VOTER-003134,Alice Smith
VOTER-003135,Bob Jones
VOTER-003136,Alice Smith
VOTER-003137,Diana Prince
VOTER-003138,Alice Smith
VOTER-003139,Alice Smith
VOTER-003140,Alice Smith
VOTER-003141,Alice Smith
VOTER-003142,Bob Jones
VOTER-003143,Diana Prince
VOTER-003144,Charlie Brown
VOTER-003145,Charlie Brown
VOTER-003146,Bob Jones
VOTER-003147,Bob Jones
VOTER-003148,Alice Smith
VOTER-003149,Alice Smith
VOTER-003150,Charlie Brown
VOTER-003151,Alice Smith
VOTER-003152,Alice Smith
VOTER-003153,Charlie Brown
VOTER-003154,Alice Smith
VOTER-003155,Bob Jones
VOTER-003156,Bob Jones
VOTER-003157,Alice Smith
VOTER-003158,Diana Prince
VOTER-003159,Charlie Brown
VOTER-003160,Bob Jones
VOTER-003161,Alice Smith
VOTER-003162,Charlie Brown
VOTER-003163,Alice Smith
VOTER-003164,Charlie Brown
VOTER-003165,Charlie Brown
VOTER-003166,Charlie Brown
VOTER-003167,Bob Jones
VOTER-003168,Alice Smith
VOTER-003169,Bob Jones
VOTER-003170,Alice Smith
VOTER-003171,Alice Smith
VOTER-003172,Alice Smith
VOTER-003173,Bob Jones
VOTER-003174,Alice Smith
VOTER-003175,Bob Jones
VOTER-003176,Alice Smith
VOTER-003177,Alice Smith
VOTER-003178,Alice Smith
VOTER-003179,Bob Jones
VOTER-003180,Charlie Brown
VOTER-003181,Charlie Brown
VOTER-003182,Bob Jones
VOTER-003183,Alice Smith
VOTER-003184,Bob Jones
VOTER-003185,Diana Prince
VOTER-003186,Bob Jones
VOTER-003187,Alice Smith
VOTER-003188,Alice Smith
VOTER-003189,Alice Smith
VOTER-003190,Alice Smith
VOTER-003191,Alice Smith
VOTER-003192,Alice Smith
VOTER-003193,Charlie Brown
VOTER-003194,Diana Prince
VOTER-003195,Alice Smith
VOTER-003196,Bob Jones
VOTER-003197,Alice Smith
VOTER-003198,Bob Jones
VOTER-003199,Diana Prince
VOTER-003200,Alice Smith
VOTER-003201,Diana Prince
VOTER-003202,Alice Smith
VOTER-003203,Diana Prince
VOTER-003204,Diana Prince
VOTER-003205,Bob Jones
VOTER-003206,Alice Smith
VOTER-003207,Diana Prince
VOTER-003208,Alice Smith
VOTER-003209,Bob Jones
VOTER-003210,Charlie Brown
VOTER-003211,Alice Smith
VOTER-003212,Bob Jones
VOTER-003213,Bob Jones
VOTER-003214,Alice Smith
VOTER-003215,Alice Smith
VOTER-003216,Alice Smith
VOTER-003217,Bob Jones
VOTER-003218,Charlie Brown
VOTER-003219,Diana Prince
VOTER-003220,Bob Jones
VOTER-003221,Alice Smith
VOTER-003222,Bob Jones
VOTER-003223,Bob Jones
VOTER-003224,Charlie Brown
VOTER-003225,Bob Jones
VOTER-003226,Charlie Brown
VOTER-003227,Bob Jones
VOTER-003228,Bob Jones
VOTER-003229,Diana Prince
VOTER-003230,Alice Smith
VOTER-003231,Alice Smith
VOTER-003232,Diana Prince
VOTER-003233,Alice Smith
VOTER-003234,Alice Smith
VOTER-003235,Charlie Brown
VOTER-003236,Alice Smith
VOTER-003237,Diana Prince
VOTER-003238,Alice Smith
VOTER-003239,Alice Smith
VOTER-003240,Alice Smith
VOTER-003241,Bob Jones
VOTER-003242,Alice Smith
VOTER-003243,Bob Jones
VOTER-003244,Alice Smith
VOTER-003245,Bob Jones
VOTER-003246,Alice Smith
VOTER-003247,Bob Jones
VOTER-003248,Diana Prince
VOTER-003249,Charlie Brown
VOTER-003250,Charlie Brown
VOTER-003251,Charlie Brown
VOTER-003252,Alice Smith
VOTER-003253,Bob Jones
VOTER-003254,Alice Smith
VOTER-003255,Charlie Brown
VOTER-003256,Alice Smith
VOTER-003257,Diana Prince
VOTER-003258,Alice Smith
VOTER-003259,Alice Smith
VOTER-003260,Alice Smith
VOTER-003261,Bob Jones
VOTER-003262,Alice Smith
VOTER-003263,Alice Smith
VOTER-003264,Alice Smith
VOTER-003265,Bob Jones
VOTER-003266,Alice Smith
VOTER-003267,Alice Smith
VOTER-003268,Bob Jones
VOTER-003269,Bob Jones
VOTER-003270,Bob Jones
VOTER-003271,Alice Smith
VOTER-003272,Bob Jones
VOTER-003273,Diana Prince
VOTER-003274,Alice Smith
VOTER-003275,Alice Smith
VOTER-003276,Diana Prince
VOTER-003277,Bob Jones
VOTER-003278,Bob Jones
VOTER-003279,Diana Prince
VOTER-003280,Diana Prince
VOTER-003281,Alice Smith
VOTER-003282,Bob Jones
VOTER-003283,Alice Smith
VOTER-003284,Bob Jones
VOTER-003285,Alice Smith
VOTER-003286,Charlie Brown
VOTER-003287,Charlie Brown
VOTER-003288,Alice Smith
VOTER-003289,Alice Smith
VOTER-003290,Alice Smith
VOTER-003291,Bob Jones
VOTER-003292,Charlie Brown
VOTER-003293,Bob Jones
VOTER-003294,Charlie Brown
VOTER-003295,Alice Smith
VOTER-003296,Charlie Brown
VOTER-003297,Bob Jones
VOTER-003298,Bob Jones
VOTER-003299,Diana Prince
VOTER-003300,Diana Prince
VOTER-003301,Alice Smith
VOTER-003302,Bob Jones
VOTER-003303,Alice Smith
VOTER-003304,Bob Jones
VOTER-003305,Alice Smith
VOTER-003306,Bob Jones
VOTER-003307,Bob Jones
VOTER-003308,Alice Smith
VOTER-003309,Alice Smith
VOTER-003310,Bob Jones
VOTER-003311,Bob Jones
VOTER-003312,Diana Prince
VOTER-003313,Bob Jones
VOTER-003314,Alice Smith
VOTER-003315,Diana Prince
VOTER-003316,Charlie Brown
VOTER-003317,Alice Smith
VOTER-003318,Charlie Brown
VOTER-003319,Charlie Brown
VOTER-003320,Bob Jones
VOTER-003321,Bob Jones
VOTER-003322,Bob Jones
VOTER-003323,Charlie Brown
VOTER-003324,Alice Smith
VOTER-003325,Diana Prince
VOTER-003326,Bob Jones
VOTER-003327,Alice Smith
VOTER-003328,Diana Prince
VOTER-003329,Alice Smith
VOTER-003330,Alice Smith
VOTER-003331,Bob Jones
VOTER-003332,Alice Smith
VOTER-003333,Diana Prince
VOTER-003334,Alice Smith
VOTER-003335,Bob Jones
VOTER-003336,Alice Smith
VOTER-003337,Alice Smith
VOTER-003338,Bob Jones
VOTER-003339,Alice Smith
VOTER-003340,Charlie Brown
VOTER-003341,Bob Jones
VOTER-003342,Alice Smith
VOTER-003343,Bob Jones
VOTER-003344,Diana Prince
VOTER-003345,Bob Jones
VOTER-003346,Alice Smith
VOTER-003347,Alice Smith
VOTER-003348,Alice Smith
VOTER-003349,Alice Smith
VOTER-003350,Bob Jones
VOTER-003351,Bob Jones
VOTER-003352,Diana Prince
VOTER-003353,Bob Jones
VOTER-003354,Bob Jones
VOTER-003355,Alice Smith
VOTER-003356,Diana Prince
VOTER-003357,Bob Jones
VOTER-003358,Alice Smith
VOTER-003359,Bob Jones
VOTER-003360,Alice Smith
VOTER-003361,Charlie Brown
VOTER-003362,Alice Smith
VOTER-003363,Bob Jones
VOTER-003364,Alice Smith
VOTER-003365,Bob Jones
VOTER-003366,Charlie Brown
VOTER-003367,Alice Smith
VOTER-003368,Bob Jones
VOTER-003369,Charlie Brown
VOTER-003370,Bob Jones
VOTER-003371,Diana Prince
VOTER-003372,Bob Jones
VOTER-003373,Bob Jones
VOTER-003374,Alice Smith
VOTER-003375,Diana Prince
VOTER-003376,Alice Smith
VOTER-003377,Charlie Brown
VOTER-003378,Charlie Brown
VOTER-003379,Charlie Brown
VOTER-003380,Charlie Brown
VOTER-003381,Alice Smith
VOTER-003382,Alice Smith
VOTER-003383,Alice Smith
VOTER-003384,Charlie Brown
VOTER-003385,Bob Jones
VOTER-003386,Charlie Brown
VOTER-003387,Alice Smith
VOTER-003388,Charlie Brown
VOTER-003389,Diana Prince
VOTER-003390,Bob Jones
VOTER-003391,Alice Smith
VOTER-003392,Alice Smith
VOTER-003393,Bob Jones
VOTER-003394,Alice Smith
VOTER-003395,Charlie Brown
VOTER-003396,Bob Jones
VOTER-003397,Diana Prince
VOTER-003398,Charlie Brown
VOTER-003399,Bob Jones
VOTER-003400,Bob Jones
VOTER-003401,Bob Jones
VOTER-003402,Bob Jones
VOTER-003403,Bob Jones
VOTER-003404,Charlie Brown
VOTER-003405,Diana Prince
VOTER-003406,Bob Jones
VOTER-003407,Bob Jones
VOTER-003408,Diana Prince
VOTER-003409,Diana Prince
VOTER-003410,Bob Jones
VOTER-003411,Charlie Brown
VOTER-003412,Alice Smith
VOTER-003413,Diana Prince
VOTER-003414,Bob Jones
VOTER-003415,Alice Smith
VOTER-003416,Charlie Brown
VOTER-003417,Alice Smith
VOTER-003418,Alice Smith
VOTER-003419,Alice Smith
VOTER-003420,Diana Prince
VOTER-003421,Charlie Brown
VOTER-003422,Diana Prince
VOTER-003423,Charlie Brown
VOTER-003424,Alice Smith
VOTER-003425,Bob Jones
VOTER-003426,Bob Jones
VOTER-003427,Alice Smith
VOTER-003428,Alice Smith
VOTER-003429,Bob Jones
VOTER-003430,Diana Prince
VOTER-003431,Bob Jones
VOTER-003432,Alice Smith
VOTER-003433,Bob Jones
VOTER-003434,Bob Jones
VOTER-003435,Charlie Brown
VOTER-003436,Bob Jones
VOTER-003437,Bob Jones
VOTER-003438,Alice Smith
VOTER-003439,Alice Smith
VOTER-003440,Bob Jones
VOTER-003441,Bob Jones
VOTER-003442,Diana Prince
VOTER-003443,Diana Prince
VOTER-003444,Alice Smith
VOTER-003445,Charlie Brown
VOTER-003446,Alice Smith
VOTER-003447,Alice Smith
VOTER-003448,Bob Jones
VOTER-003449,Bob Jones
VOTER-003450,Alice Smith
VOTER-003451,Bob Jones
VOTER-003452,Bob Jones
VOTER-003453,Alice Smith
VOTER-003454,Diana Prince
VOTER-003455,Alice Smith
VOTER-003456,Bob Jones
VOTER-003457,Diana Prince
VOTER-003458,Alice Smith
VOTER-003459,Bob Jones
VOTER-003460,Bob Jones
VOTER-003461,Alice Smith
VOTER-003462,Bob Jones
VOTER-003463,Alice Smith
VOTER-003464,Bob Jones
VOTER-003465,Bob Jones
VOTER-003466,Alice Smith
VOTER-003467,Alice Smith
VOTER-003468,Charlie Brown
VOTER-003469,Alice Smith
VOTER-003470,Alice Smith
VOTER-003471,Diana Prince
VOTER-003472,Bob Jones
VOTER-003473,Bob Jones
VOTER-003474,Alice Smith
VOTER-003475,Bob Jones
VOTER-003476,Alice Smith
VOTER-003477,Diana Prince
VOTER-003478,Alice Smith
VOTER-003479,Alice Smith
VOTER-003480,Alice Smith
VOTER-003481,Charlie Brown
VOTER-003482,Alice Smith
VOTER-003483,Bob Jones
VOTER-003484,Charlie Brown
VOTER-003485,Alice Smith
VOTER-003486,Charlie Brown
VOTER-003487,Bob Jones
VOTER-003488,Charlie Brown
VOTER-003489,Bob Jones
VOTER-003490,Bob Jones
VOTER-003491,Bob Jones
VOTER-003492,Alice Smith
VOTER-003493,Diana Prince
VOTER-003494,Diana Prince
VOTER-003495,Alice Smith
VOTER-003496,Diana Prince
VOTER-003497,Bob Jones
VOTER-003498,Diana Prince
VOTER-003499,Alice Smith
VOTER-003500,Alice Smith
VOTER-003501,Bob Jones
VOTER-003502,Bob Jones
VOTER-003503,Alice Smith
VOTER-003504,Alice Smith
VOTER-003505,Alice Smith
VOTER-003506,Alice Smith
VOTER-003507,Alice Smith
VOTER-003508,Bob Jones
VOTER-003509,Alice Smith
VOTER-003510,Bob Jones
VOTER-003511,Charlie Brown
VOTER-003512,Bob Jones
VOTER-003513,Alice Smith
VOTER-003514,Charlie Brown
VOTER-003515,Bob Jones
VOTER-003516,Alice Smith
VOTER-003517,Alice Smith
VOTER-003518,Alice Smith
VOTER-003519,Diana Prince
VOTER-003520,Bob Jones
VOTER-003521,Alice Smith
VOTER-003522,Bob Jones
VOTER-003523,Bob Jones
VOTER-003524,Bob Jones
VOTER-003525,Bob Jones
VOTER-003526,Alice Smith
VOTER-003527,Bob Jones
VOTER-003528,Bob Jones
VOTER-003529,Charlie Brown
VOTER-003530,Bob Jones
VOTER-003531,Alice Smith
VOTER-003532,Charlie Brown
VOTER-003533,Alice Smith
VOTER-003534,Charlie Brown
VOTER-003535,Bob Jones
VOTER-003536,Bob Jones
VOTER-003537,Bob Jones
VOTER-003538,Bob Jones
VOTER-003539,Diana Prince
VOTER-003540,Bob Jones
VOTER-003541,Alice Smith
VOTER-003542,Alice Smith
VOTER-003543,Alice Smith
VOTER-003544,Alice Smith
VOTER-003545,Bob Jones
VOTER-003546,Alice Smith
VOTER-003547,Alice Smith
VOTER-003548,Bob Jones
VOTER-003549,Bob Jones
VOTER-003550,Bob Jones
VOTER-003551,Bob Jones
VOTER-003552,Alice Smith
VOTER-003553,Bob Jones
VOTER-003554,Bob Jones
VOTER-003555,Bob Jones
VOTER-003556,Diana Prince
VOTER-003557,Alice Smith
VOTER-003558,Charlie Brown
VOTER-003559,Diana Prince
VOTER-003560,Alice Smith
VOTER-003561,Bob Jones
VOTER-003562,Charlie Brown
VOTER-003563,Charlie Brown
VOTER-003564,Alice Smith
VOTER-003565,Bob Jones
VOTER-003566,Alice Smith
VOTER-003567,Bob Jones
VOTER-003568,Bob Jones
VOTER-003569,Bob Jones
VOTER-003570,Charlie Brown
VOTER-003571,Bob Jones
VOTER-003572,Diana Prince
VOTER-003573,Alice Smith
VOTER-003574,Alice Smith
VOTER-003575,Bob Jones
VOTER-003576,Alice Smith
VOTER-003577,Alice Smith
VOTER-003578,Bob Jones
VOTER-003579,Charlie Brown
VOTER-003580,Charlie Brown
VOTER-003581,Bob Jones
VOTER-003582,Diana Prince
VOTER-003583,Bob Jones
VOTER-003584,Diana Prince
VOTER-003585,Diana Prince
VOTER-003586,Alice Smith
VOTER-003587,Charlie Brown
VOTER-003588,Alice Smith
VOTER-003589,Alice Smith
VOTER-003590,Alice Smith
VOTER-003591,Bob Jones
VOTER-003592,Charlie Brown
VOTER-003593,Diana Prince
VOTER-003594,Diana Prince
VOTER-003595,Charlie Brown
VOTER-003596,Diana Prince
VOTER-003597,Alice Smith
VOTER-003598,Bob Jones
VOTER-003599,Bob Jones
VOTER-003600,Alice Smith
VOTER-003601,Alice Smith
VOTER-003602,Alice Smith
VOTER-003603,Alice Smith
VOTER-003604,Alice Smith
VOTER-003605,Bob Jones
VOTER-003606,Alice Smith
VOTER-003607,Charlie Brown
VOTER-003608,Charlie Brown
VOTER-003609,Charlie Brown
VOTER-003610,Charlie Brown
VOTER-003611,Bob Jones
VOTER-003612,Bob Jones
VOTER-003613,Alice Smith
VOTER-003614,Alice Smith
VOTER-003615,Alice Smith
VOTER-003616,Diana Prince
VOTER-003617,Bob Jones
VOTER-003618,Alice Smith
VOTER-003619,Alice Smith
VOTER-003620,Alice Smith
VOTER-003621,Alice Smith
VOTER-003622,Bob Jones
VOTER-003623,Alice Smith
VOTER-003624,Bob Jones
VOTER-003625,Bob Jones
VOTER-003626,Bob Jones
VOTER-003627,Alice Smith
VOTER-003628,Bob Jones
VOTER-003629,Diana Prince
VOTER-003630,Bob Jones
VOTER-003631,Charlie Brown
VOTER-003632,Alice Smith
VOTER-003633,Bob Jones
VOTER-003634,Alice Smith
VOTER-003635,Alice Smith
VOTER-003636,Charlie Brown
VOTER-003637,Bob Jones
VOTER-003638,Diana Prince
VOTER-003639,Alice Smith
VOTER-003640,Alice Smith
VOTER-003641,Diana Prince
VOTER-003642,Diana Prince
VOTER-003643,Diana Prince
VOTER-003644,Bob Jones
VOTER-003645,Alice Smith
VOTER-003646,Charlie Brown
VOTER-003647,Alice Smith
VOTER-003648,Diana Prince
VOTER-003649,Alice Smith
VOTER-003650,Bob Jones
VOTER-003651,Diana Prince
VOTER-003652,Bob Jones
VOTER-003653,Bob Jones
VOTER-003654,Charlie Brown
VOTER-003655,Alice Smith
VOTER-003656,Bob Jones
VOTER-003657,Bob Jones
VOTER-003658,Bob Jones
VOTER-003659,Charlie Brown
VOTER-003660,Charlie Brown
VOTER-003661,Alice Smith
VOTER-003662,Alice Smith
VOTER-003663,Bob Jones
VOTER-003664,Bob Jones
VOTER-003665,Alice Smith
VOTER-003666,Bob Jones
VOTER-003667,Bob Jones
VOTER-003668,Alice Smith
VOTER-003669,Alice Smith
VOTER-003670,Diana Prince
VOTER-003671,Diana Prince
VOTER-003672,Charlie Brown
VOTER-003673,Bob Jones
VOTER-003674,Alice Smith
VOTER-003675,Bob Jones
VOTER-003676,Bob Jones
VOTER-003677,Bob Jones
VOTER-003678,Bob Jones
VOTER-003679,Alice Smith
VOTER-003680,Charlie Brown
VOTER-003681,Alice Smith
VOTER-003682,Bob Jones
VOTER-003683,Charlie Brown
VOTER-003684,Alice Smith
VOTER-003685,Diana Prince
VOTER-003686,Bob Jones
VOTER-003687,Alice Smith
VOTER-003688,Alice Smith
VOTER-003689,Charlie Brown
VOTER-003690,Alice Smith
VOTER-003691,Alice Smith
VOTER-003692,Alice Smith
VOTER-003693,Charlie Brown
VOTER-003694,Alice Smith
VOTER-003695,Alice Smith
VOTER-003696,Bob Jones
VOTER-003697,Bob Jones
VOTER-003698,Bob Jones
VOTER-003699,Alice Smith
VOTER-003700,Charlie Brown
VOTER-003701,Charlie Brown
VOTER-003702,Bob Jones
VOTER-003703,Bob Jones
VOTER-003704,Diana Prince
VOTER-003705,Bob Jones
VOTER-003706,Alice Smith
VOTER-003707,Alice Smith
VOTER-003708,Alice Smith
VOTER-003709,Bob Jones
VOTER-003710,Alice Smith
VOTER-003711,Alice Smith
VOTER-003712,Alice Smith
VOTER-003713,Bob Jones
VOTER-003714,Charlie Brown
VOTER-003715,Charlie Brown
VOTER-003716,Alice Smith
VOTER-003717,Alice Smith
VOTER-003718,Alice Smith
VOTER-003719,Bob Jones
VOTER-003720,Charlie Brown
VOTER-003721,Alice Smith
VOTER-003722,Alice Smith
VOTER-003723,Bob Jones
VOTER-003724,Bob Jones
VOTER-003725,Bob Jones
VOTER-003726,Bob Jones
VOTER-003727,Alice Smith
VOTER-003728,Charlie Brown
VOTER-003729,Bob Jones
VOTER-003730,Diana Prince
VOTER-003731,Charlie Brown
VOTER-003732,Alice Smith
VOTER-003733,Alice Smith
VOTER-003734,Charlie Brown
VOTER-003735,Alice Smith
VOTER-003736,Bob Jones
VOTER-003737,Bob Jones
VOTER-003738,Alice Smith
VOTER-003739,Alice Smith
VOTER-003740,Charlie Brown
VOTER-003741,Alice Smith
VOTER-003742,Alice Smith
VOTER-003743,Bob Jones
VOTER-003744,Diana Prince
VOTER-003745,Alice Smith
VOTER-003746,Diana Prince
VOTER-003747,Alice Smith
VOTER-003748,Alice Smith
VOTER-003749,Diana Prince
VOTER-003750,Alice Smith
VOTER-003751,Charlie Brown
VOTER-003752,Alice Smith
VOTER-003753,Bob Jones
VOTER-003754,Bob Jones
VOTER-003755,Alice Smith
VOTER-003756,Alice Smith
VOTER-003757,Alice Smith
VOTER-003758,Bob Jones
VOTER-003759,Bob Jones
VOTER-003760,Alice Smith
VOTER-003761,Bob Jones
VOTER-003762,Diana Prince
VOTER-003763,Diana Prince
VOTER-003764,Charlie Brown
VOTER-003765,Alice Smith
VOTER-003766,Bob Jones
VOTER-003767,Charlie Brown
VOTER-003768,Alice Smith
VOTER-003769,Charlie Brown
VOTER-003770,Charlie Brown
VOTER-003771,Charlie Brown
VOTER-003772,Alice Smith
VOTER-003773,Bob Jones
VOTER-003774,Alice Smith
VOTER-003775,Alice Smith
VOTER-003776,Bob Jones
VOTER-003777,Alice Smith
VOTER-003778,Diana Prince
VOTER-003779,Alice Smith
VOTER-003780,Bob Jones
VOTER-003781,Bob Jones
VOTER-003782,Alice Smith
VOTER-003783,Bob Jones
VOTER-003784,Charlie Brown
VOTER-003785,Charlie Brown
VOTER-003786,Bob Jones
VOTER-003787,Alice Smith
VOTER-003788,Alice Smith
VOTER-003789,Charlie Brown
VOTER-003790,Bob Jones
VOTER-003791,Bob Jones
VOTER-003792,Diana Prince
VOTER-003793,Bob Jones
VOTER-003794,Alice Smith
VOTER-003795,Bob Jones
VOTER-003796,Bob Jones
VOTER-003797,Bob Jones
VOTER-003798,Bob Jones
VOTER-003799,Alice Smith
VOTER-003800,Alice Smith
VOTER-003801,Diana Prince
VOTER-003802,Alice Smith
VOTER-003803,Charlie Brown
VOTER-003804,Alice Smith
VOTER-003805,Bob Jones
VOTER-003806,Alice Smith
VOTER-003807,Bob Jones
VOTER-003808,Bob Jones
VOTER-003809,Bob Jones
VOTER-003810,Diana Prince
VOTER-003811,Alice Smith
VOTER-003812,Diana Prince
VOTER-003813,Alice Smith
VOTER-003814,Charlie Brown
VOTER-003815,Charlie Brown
VOTER-003816,Alice Smith
VOTER-003817,Alice Smith
VOTER-003818,Alice Smith
VOTER-003819,Alice Smith
VOTER-003820,Alice Smith
VOTER-003821,Charlie Brown
VOTER-003822,Alice Smith
VOTER-003823,Bob Jones
VOTER-003824,Alice Smith
VOTER-003825,Alice Smith
VOTER-003826,Bob Jones
VOTER-003827,Alice Smith
VOTER-003828,Bob Jones
VOTER-003829,Bob Jones
VOTER-003830,Bob Jones
VOTER-003831,Alice Smith
VOTER-003832,Alice Smith
VOTER-003833,Bob Jones
VOTER-003834,Bob Jones
VOTER-003835,Charlie Brown
VOTER-003836,Bob Jones
VOTER-003837,Charlie Brown
VOTER-003838,Charlie Brown
VOTER-003839,Bob Jones
VOTER-003840,Alice Smith
VOTER-003841,Diana Prince
VOTER-003842,Bob Jones
VOTER-003843,Charlie Brown
VOTER-003844,Bob Jones
VOTER-003845,Bob Jones
VOTER-003846,Bob Jones
VOTER-003847,Alice Smith
VOTER-003848,Bob Jones
VOTER-003849,Charlie Brown
VOTER-003850,Charlie Brown
VOTER-003851,Bob Jones
VOTER-003852,Diana Prince
VOTER-003853,Charlie Brown
VOTER-003854,Diana Prince
VOTER-003855,Alice Smith
VOTER-003856,Bob Jones
VOTER-003857,Charlie Brown
VOTER-003858,Alice Smith
VOTER-003859,Alice Smith
VOTER-003860,Bob Jones
VOTER-003861,Bob Jones
VOTER-003862,Bob Jones
VOTER-003863,Alice Smith
VOTER-003864,Alice Smith
VOTER-003865,Alice Smith
VOTER-003866,Alice Smith
VOTER-003867,Bob Jones
VOTER-003868,Alice Smith
VOTER-003869,Charlie Brown
VOTER-003870,Charlie Brown
VOTER-003871,Alice Smith
VOTER-003872,Alice Smith
VOTER-003873,Charlie Brown
VOTER-003874,Bob Jones
VOTER-003875,Bob Jones
VOTER-003876,Alice Smith
VOTER-003877,Charlie Brown
VOTER-003878,Diana Prince
VOTER-003879,Alice Smith
VOTER-003880,Alice Smith
VOTER-003881,Diana Prince
VOTER-003882,Alice Smith
VOTER-003883,Bob Jones
VOTER-003884,Alice Smith
VOTER-003885,Alice Smith
VOTER-003886,Alice Smith
VOTER-003887,Alice Smith
VOTER-003888,Bob Jones
VOTER-003889,Alice Smith
VOTER-003890,Charlie Brown
VOTER-003891,Alice Smith
VOTER-003892,Bob Jones
VOTER-003893,Charlie Brown
VOTER-003894,Bob Jones
VOTER-003895,Alice Smith
VOTER-003896,Alice Smith
VOTER-003897,Bob Jones
VOTER-003898,Bob Jones
VOTER-003899,Alice Smith
VOTER-003900,Charlie Brown
VOTER-003901,Bob Jones
VOTER-003902,Charlie Brown
VOTER-003903,Alice Smith
VOTER-003904,Bob Jones
VOTER-003905,Alice Smith
VOTER-003906,Alice Smith
VOTER-003907,Alice Smith
VOTER-003908,Charlie Brown
VOTER-003909,Alice Smith
VOTER-003910,Alice Smith
VOTER-003911,Bob Jones
VOTER-003912,Alice Smith
VOTER-003913,Alice Smith
VOTER-003914,Charlie Brown
VOTER-003915,Diana Prince
VOTER-003916,Alice Smith
VOTER-003917,Alice Smith
VOTER-003918,Bob Jones
VOTER-003919,Alice Smith
VOTER-003920,Diana Prince
VOTER-003921,Bob Jones
VOTER-003922,Bob Jones
VOTER-003923,Charlie Brown
VOTER-003924,Diana Prince
VOTER-003925,Alice Smith
VOTER-003926,Alice Smith
VOTER-003927,Alice Smith
VOTER-003928,Charlie Brown
VOTER-003929,Bob Jones
VOTER-003930,Bob Jones
VOTER-003931,Bob Jones
VOTER-003932,Bob Jones
VOTER-003933,Alice Smith
VOTER-003934,Alice Smith
VOTER-003935,Charlie Brown
VOTER-003936,Bob Jones
VOTER-003937,Charlie Brown
VOTER-003938,Alice Smith
VOTER-003939,Charlie Brown
VOTER-003940,Alice Smith
VOTER-003941,Alice Smith
VOTER-003942,Bob Jones
VOTER-003943,Alice Smith
VOTER-003944,Alice Smith
VOTER-003945,Alice Smith
VOTER-003946,Diana Prince
VOTER-003947,Bob Jones
VOTER-003948,Charlie Brown
VOTER-003949,Diana Prince
VOTER-003950,Bob Jones
VOTER-003951,Alice Smith
VOTER-003952,Diana Prince
VOTER-003953,Alice Smith
VOTER-003954,Bob Jones
VOTER-003955,Diana Prince
VOTER-003956,Charlie Brown
VOTER-003957,Alice Smith
VOTER-003958,Charlie Brown
VOTER-003959,Bob Jones
VOTER-003960,Alice Smith
VOTER-003961,Alice Smith
VOTER-003962,Bob Jones
VOTER-003963,Charlie Brown
VOTER-003964,Bob Jones
VOTER-003965,Bob Jones
VOTER-003966,Bob Jones
VOTER-003967,Alice Smith
VOTER-003968,Charlie Brown
VOTER-003969,Alice Smith
VOTER-003970,Alice Smith
VOTER-003971,Alice Smith
VOTER-003972,Bob Jones
VOTER-003973,Alice Smith
VOTER-003974,Alice Smith
VOTER-003975,Alice Smith
VOTER-003976,Charlie Brown
VOTER-003977,Alice Smith
VOTER-003978,Bob Jones
VOTER-003979,Bob Jones
VOTER-003980,Bob Jones
VOTER-003981,Alice Smith
VOTER-003982,Diana Prince
VOTER-003983,Bob Jones
VOTER-003984,Charlie Brown
VOTER-003985,Bob Jones
VOTER-003986,Bob Jones
VOTER-003987,Bob Jones
VOTER-003988,Bob Jones
VOTER-003989,Charlie Brown
VOTER-003990,Bob Jones
VOTER-003991,Bob Jones
VOTER-003992,Alice Smith
VOTER-003993,Diana Prince
VOTER-003994,Bob Jones
VOTER-003995,Bob Jones
VOTER-003996,Alice Smith
VOTER-003997,Bob Jones
VOTER-003998,Charlie Brown
VOTER-003999,Charlie Brown
VOTER-004000,Alice Smith
VOTER-004001,Alice Smith
VOTER-004002,Alice Smith
VOTER-004003,Bob Jones
VOTER-004004,Diana Prince
VOTER-004005,Alice Smith
VOTER-004006,Bob Jones
VOTER-004007,Alice Smith
VOTER-004008,Alice Smith
VOTER-004009,Bob Jones
VOTER-004010,Bob Jones
VOTER-004011,Charlie Brown
VOTER-004012,Bob Jones
VOTER-004013,Alice Smith
VOTER-004014,Bob Jones
VOTER-004015,Bob Jones
VOTER-004016,Alice Smith
VOTER-004017,Diana Prince
VOTER-004018,Bob Jones
VOTER-004019,Diana Prince
VOTER-004020,Bob Jones
VOTER-004021,Bob Jones
VOTER-004022,Bob Jones
VOTER-004023,Bob Jones
VOTER-004024,Charlie Brown
VOTER-004025,Alice Smith
VOTER-004026,Charlie Brown
VOTER-004027,Alice Smith
VOTER-004028,Charlie Brown
VOTER-004029,Alice Smith
VOTER-004030,Bob Jones
VOTER-004031,Alice Smith
VOTER-004032,Alice Smith
VOTER-004033,Diana Prince
VOTER-004034,Alice Smith
VOTER-004035,Diana Prince
VOTER-004036,Diana Prince
VOTER-004037,Alice Smith
VOTER-004038,Bob Jones
VOTER-004039,Diana Prince
VOTER-004040,Bob Jones
VOTER-004041,Bob Jones
VOTER-004042,Bob Jones
VOTER-004043,Alice Smith
VOTER-004044,Bob Jones
VOTER-004045,Alice Smith
VOTER-004046,Bob Jones
VOTER-004047,Bob Jones
VOTER-004048,Alice Smith
VOTER-004049,Bob Jones
VOTER-004050,Bob Jones
VOTER-004051,Bob Jones
VOTER-004052,Bob Jones
VOTER-004053,Alice Smith
VOTER-004054,Charlie Brown
VOTER-004055,Diana Prince
VOTER-004056,Alice Smith
VOTER-004057,Charlie Brown
VOTER-004058,Bob Jones
VOTER-004059,Alice Smith
VOTER-004060,Bob Jones
VOTER-004061,Alice Smith
VOTER-004062,Charlie Brown
VOTER-004063,Bob Jones
VOTER-004064,Alice Smith
VOTER-004065,Alice Smith
VOTER-004066,Alice Smith
VOTER-004067,Alice Smith
VOTER-004068,Charlie Brown
VOTER-004069,Bob Jones
VOTER-004070,Alice Smith
VOTER-004071,Bob Jones
VOTER-004072,Alice Smith
VOTER-004073,Charlie Brown
VOTER-004074,Alice Smith
VOTER-004075,Alice Smith
VOTER-004076,Alice Smith
VOTER-004077,Alice Smith
VOTER-004078,Bob Jones
VOTER-004079,Diana Prince
VOTER-004080,Bob Jones
VOTER-004081,Alice Smith
VOTER-004082,Bob Jones
VOTER-004083,Alice Smith
VOTER-004084,Charlie Brown
VOTER-004085,Alice Smith
VOTER-004086,Bob Jones
VOTER-004087,Bob Jones
VOTER-004088,Alice Smith
VOTER-004089,Alice Smith
VOTER-004090,Diana Prince
VOTER-004091,Alice Smith
VOTER-004092,Alice Smith
VOTER-004093,Bob Jones
VOTER-004094,Diana Prince
VOTER-004095,Bob Jones
VOTER-004096,Bob Jones
VOTER-004097,Bob Jones
VOTER-004098,Alice Smith
VOTER-004099,Bob Jones
VOTER-004100,Bob Jones
VOTER-004101,Diana Prince
VOTER-004102,Bob Jones
VOTER-004103,Bob Jones
VOTER-004104,Diana Prince
VOTER-004105,Alice Smith
VOTER-004106,Alice Smith
VOTER-004107,Alice Smith
VOTER-004108,Charlie Brown
VOTER-004109,Diana Prince
VOTER-004110,Bob Jones
VOTER-004111,Bob Jones
VOTER-004112,Alice Smith
VOTER-004113,Diana Prince
VOTER-004114,Alice Smith
VOTER-004115,Alice Smith
VOTER-004116,Bob Jones
VOTER-004117,Alice Smith
VOTER-004118,Alice Smith
VOTER-004119,Bob Jones
VOTER-004120,Bob Jones
VOTER-004121,Alice Smith
VOTER-004122,Alice Smith
VOTER-004123,Bob Jones
VOTER-004124,Alice Smith
VOTER-004125,Bob Jones
VOTER-004126,Alice Smith
VOTER-004127,Diana Prince
VOTER-004128,Alice Smith
VOTER-004129,Alice Smith
VOTER-004130,Bob Jones
VOTER-004131,Bob Jones
VOTER-004132,Diana Prince
VOTER-004133,Alice Smith
VOTER-004134,Alice Smith
VOTER-004135,Charlie Brown
VOTER-004136,Alice Smith
VOTER-004137,Alice Smith
VOTER-004138,Charlie Brown
VOTER-004139,Charlie Brown
VOTER-004140,Diana Prince
VOTER-004141,Bob Jones
VOTER-004142,Diana Prince
VOTER-004143,Alice Smith
VOTER-004144,Alice Smith
VOTER-004145,Bob Jones
VOTER-004146,Bob Jones
VOTER-004147,Alice Smith
VOTER-004148,Alice Smith
VOTER-004149,Alice Smith
VOTER-004150,Bob Jones
VOTER-004151,Alice Smith
VOTER-004152,Alice Smith
VOTER-004153,Alice Smith
VOTER-004154,Charlie Brown
VOTER-004155,Alice Smith
VOTER-004156,Charlie Brown
VOTER-004157,Bob Jones
VOTER-004158,Bob Jones
VOTER-004159,Diana Prince
VOTER-004160,Charlie Brown
VOTER-004161,Bob Jones
VOTER-004162,Alice Smith
VOTER-004163,Bob Jones
VOTER-004164,Bob Jones
VOTER-004165,Alice Smith
VOTER-004166,Alice Smith
VOTER-004167,Alice Smith
VOTER-004168,Bob Jones
VOTER-004169,Bob Jones
VOTER-004170,Diana Prince
VOTER-004171,Bob Jones
VOTER-004172,Alice Smith
VOTER-004173,Bob Jones
VOTER-004174,Alice Smith
VOTER-004175,Charlie Brown
VOTER-004176,Alice Smith
VOTER-004177,Bob Jones
VOTER-004178,Alice Smith
VOTER-004179,Diana Prince
VOTER-004180,Bob Jones
VOTER-004181,Alice Smith
VOTER-004182,Alice Smith
VOTER-004183,Charlie Brown
VOTER-004184,Alice Smith
VOTER-004185,Charlie Brown
VOTER-004186,Alice Smith
VOTER-004187,Bob Jones
VOTER-004188,Diana Prince
VOTER-004189,Alice Smith
VOTER-004190,Bob Jones
VOTER-004191,Alice Smith
VOTER-004192,Charlie Brown
VOTER-004193,Alice Smith
VOTER-004194,Bob Jones
VOTER-004195,Alice Smith
VOTER-004196,Charlie Brown
VOTER-004197,Charlie Brown
VOTER-004198,Diana Prince
VOTER-004199,Diana Prince
VOTER-004200,Bob Jones
VOTER-004201,Alice Smith
VOTER-004202,Bob Jones
VOTER-004203,Bob Jones
VOTER-004204,Charlie Brown
VOTER-004205,Alice Smith
VOTER-004206,Bob Jones
VOTER-004207,Bob Jones
VOTER-004208,Diana Prince
VOTER-004209,Bob Jones
VOTER-004210,Bob Jones
VOTER-004211,Bob Jones
VOTER-004212,Alice Smith
VOTER-004213,Charlie Brown
VOTER-004214,Bob Jones
VOTER-004215,Bob Jones
VOTER-004216,Bob Jones
VOTER-004217,Bob Jones
VOTER-004218,Alice Smith
VOTER-004219,Bob Jones
VOTER-004220,Alice Smith
VOTER-004221,Alice Smith
VOTER-004222,Alice Smith
VOTER-004223,Alice Smith
VOTER-004224,Bob Jones
VOTER-004225,Bob Jones
VOTER-004226,Diana Prince
VOTER-004227,Alice Smith
VOTER-004228,Bob Jones
VOTER-004229,Alice Smith
VOTER-004230,Charlie Brown
VOTER-004231,Alice Smith
VOTER-004232,Alice Smith
VOTER-004233,Bob Jones
VOTER-004234,Charlie Brown
VOTER-004235,Bob Jones
VOTER-004236,Bob Jones
VOTER-004237,Charlie Brown
VOTER-004238,Alice Smith
VOTER-004239,Alice Smith
VOTER-004240,Bob Jones
VOTER-004241,Alice Smith
VOTER-004242,Bob Jones
VOTER-004243,Bob Jones
VOTER-004244,Bob Jones
VOTER-004245,Alice Smith
VOTER-004246,Alice Smith
VOTER-004247,Bob Jones
VOTER-004248,Bob Jones
VOTER-004249,Charlie Brown
VOTER-004250,Bob Jones
VOTER-004251,Alice Smith
VOTER-004252,Bob Jones
VOTER-004253,Alice Smith
VOTER-004254,Charlie Brown
VOTER-004255,Charlie Brown
VOTER-004256,Charlie Brown
VOTER-004257,Bob Jones
VOTER-004258,Bob Jones
VOTER-004259,Bob Jones
VOTER-004260,Alice Smith
VOTER-004261,Charlie Brown
VOTER-004262,Alice Smith
VOTER-004263,Alice Smith
VOTER-004264,Charlie Brown
VOTER-004265,Alice Smith
VOTER-004266,Bob Jones
VOTER-004267,Charlie Brown
VOTER-004268,Charlie Brown
VOTER-004269,Alice Smith
VOTER-004270,Bob Jones
VOTER-004271,Bob Jones
VOTER-004272,Alice Smith
VOTER-004273,Diana Prince
VOTER-004274,Bob Jones
VOTER-004275,Alice Smith
VOTER-004276,Bob Jones
VOTER-004277,Alice Smith
VOTER-004278,Alice Smith
VOTER-004279,Alice Smith
VOTER-004280,Alice Smith
VOTER-004281,Alice Smith
VOTER-004282,Diana Prince
VOTER-004283,Bob Jones
VOTER-004284,Alice Smith
VOTER-004285,Alice Smith
VOTER-004286,Alice Smith
VOTER-004287,Diana Prince
VOTER-004288,Bob Jones
VOTER-004289,Diana Prince
VOTER-004290,Bob Jones
VOTER-004291,Bob Jones
VOTER-004292,Bob Jones
VOTER-004293,Bob Jones
VOTER-004294,Alice Smith
VOTER-004295,Alice Smith
VOTER-004296,Bob Jones
VOTER-004297,Alice Smith
VOTER-004298,Alice Smith
VOTER-004299,Diana Prince
VOTER-004300,Alice Smith
VOTER-004301,Bob Jones
VOTER-004302,Bob Jones
VOTER-004303,Bob Jones
VOTER-004304,Bob Jones
VOTER-004305,Alice Smith
VOTER-004306,Alice Smith
VOTER-004307,Alice Smith
VOTER-004308,Bob Jones
VOTER-004309,Alice Smith
VOTER-004310,Bob Jones
VOTER-004311,Bob Jones
VOTER-004312,Bob Jones
VOTER-004313,Charlie Brown
VOTER-004314,Alice Smith
VOTER-004315,Diana Prince
VOTER-004316,Charlie Brown
VOTER-004317,Alice Smith
VOTER-004318,Bob Jones
VOTER-004319,Alice Smith
VOTER-004320,Charlie Brown
VOTER-004321,Bob Jones
VOTER-004322,Alice Smith
VOTER-004323,Alice Smith
VOTER-004324,Charlie Brown
VOTER-004325,Charlie Brown
VOTER-004326,Bob Jones
VOTER-004327,Alice Smith
VOTER-004328,Bob Jones
VOTER-004329,Alice Smith
VOTER-004330,Alice Smith
VOTER-004331,Bob Jones
VOTER-004332,Charlie Brown
VOTER-004333,Diana Prince
VOTER-004334,Bob Jones
VOTER-004335,Alice Smith
VOTER-004336,Alice Smith
VOTER-004337,Charlie Brown
VOTER-004338,Alice Smith
VOTER-004339,Bob Jones
VOTER-004340,Alice Smith
VOTER-004341,Alice Smith
VOTER-004342,Charlie Brown
VOTER-004343,Diana Prince
VOTER-004344,Alice Smith
VOTER-004345,Alice Smith
VOTER-004346,Alice Smith
VOTER-004347,Bob Jones
VOTER-004348,Charlie Brown
VOTER-004349,Charlie Brown
VOTER-004350,Alice Smith
VOTER-004351,Bob Jones
VOTER-004352,Bob Jones
VOTER-004353,Bob Jones
VOTER-004354,Diana Prince
VOTER-004355,Alice Smith
VOTER-004356,Bob Jones
VOTER-004357,Alice Smith
VOTER-004358,Bob Jones
VOTER-004359,Bob Jones
VOTER-004360,Alice Smith
VOTER-004361,Alice Smith
VOTER-004362,Alice Smith
VOTER-004363,Bob Jones
VOTER-004364,Alice Smith
VOTER-004365,Bob Jones
VOTER-004366,Bob Jones
VOTER-004367,Diana Prince
VOTER-004368,Diana Prince
VOTER-004369,Bob Jones
VOTER-004370,Diana Prince
VOTER-004371,Alice Smith
VOTER-004372,Alice Smith
VOTER-004373,Bob Jones
VOTER-004374,Charlie Brown
VOTER-004375,Charlie Brown
VOTER-004376,Charlie Brown
VOTER-004377,Alice Smith
VOTER-004378,Alice Smith
VOTER-004379,Alice Smith
VOTER-004380,Bob Jones
VOTER-004381,Alice Smith
VOTER-004382,Alice Smith
VOTER-004383,Bob Jones
VOTER-004384,Charlie Brown
VOTER-004385,Diana Prince
VOTER-004386,Alice Smith
VOTER-004387,Bob Jones
VOTER-004388,Alice Smith
VOTER-004389,Diana Prince
VOTER-004390,Alice Smith
VOTER-004391,Diana Prince
VOTER-004392,Bob Jones
VOTER-004393,Alice Smith
VOTER-004394,Bob Jones
VOTER-004395,Charlie Brown
VOTER-004396,Diana Prince
VOTER-004397,Bob Jones
VOTER-004398,Charlie Brown
VOTER-004399,Alice Smith
VOTER-004400,Diana Prince
VOTER-004401,Bob Jones
VOTER-004402,Diana Prince
VOTER-004403,Bob Jones
VOTER-004404,Diana Prince
VOTER-004405,Alice Smith
VOTER-004406,Alice Smith
VOTER-004407,Alice Smith
VOTER-004408,Bob Jones
VOTER-004409,Charlie Brown
VOTER-004410,Bob Jones
VOTER-004411,Alice Smith
VOTER-004412,Alice Smith
VOTER-004413,Bob Jones
VOTER-004414,Alice Smith
VOTER-004415,Alice Smith
VOTER-004416,Charlie Brown
VOTER-004417,Alice Smith
VOTER-004418,Bob Jones
VOTER-004419,Bob Jones
VOTER-004420,Alice Smith
VOTER-004421,Bob Jones
VOTER-004422,Diana Prince
VOTER-004423,Diana Prince
VOTER-004424,Charlie Brown
VOTER-004425,Bob Jones
VOTER-004426,Bob Jones
VOTER-004427,Charlie Brown
VOTER-004428,Alice Smith
VOTER-004429,Diana Prince
VOTER-004430,Bob Jones
VOTER-004431,Bob Jones
VOTER-004432,Charlie Brown
VOTER-004433,Charlie Brown
VOTER-004434,Charlie Brown
VOTER-004435,Bob Jones
VOTER-004436,Alice Smith
VOTER-004437,Bob Jones
VOTER-004438,Charlie Brown
VOTER-004439,Alice Smith
VOTER-004440,Alice Smith
VOTER-004441,Alice Smith
VOTER-004442,Diana Prince
VOTER-004443,Alice Smith
VOTER-004444,Alice Smith
VOTER-004445,Charlie Brown
VOTER-004446,Alice Smith
VOTER-004447,Bob Jones
VOTER-004448,Alice Smith
VOTER-004449,Diana Prince
VOTER-004450,Alice Smith
VOTER-004451,Alice Smith
VOTER-004452,Alice Smith
VOTER-004453,Bob Jones
VOTER-004454,Charlie Brown
VOTER-004455,Alice Smith
VOTER-004456,Charlie Brown
VOTER-004457,Alice Smith
VOTER-004458,Alice Smith
VOTER-004459,Bob Jones
VOTER-004460,Bob Jones
VOTER-004461,Alice Smith
VOTER-004462,Charlie Brown
VOTER-004463,Bob Jones
VOTER-004464,Alice Smith
VOTER-004465,Alice Smith
VOTER-004466,Diana Prince
VOTER-004467,Bob Jones
VOTER-004468,Alice Smith
VOTER-004469,Diana Prince
VOTER-004470,Charlie Brown
VOTER-004471,Charlie Brown
VOTER-004472,Bob Jones
VOTER-004473,Alice Smith
VOTER-004474,Alice Smith
VOTER-004475,Alice Smith
VOTER-004476,Alice Smith
VOTER-004477,Bob Jones
VOTER-004478,Bob Jones
VOTER-004479,Charlie Brown
VOTER-004480,Bob Jones
VOTER-004481,Alice Smith
VOTER-004482,Charlie Brown
VOTER-004483,Alice Smith
VOTER-004484,Bob Jones
VOTER-004485,Alice Smith
VOTER-004486,Bob Jones
VOTER-004487,Bob Jones
VOTER-004488,Bob Jones
VOTER-004489,Alice Smith
VOTER-004490,Charlie Brown
VOTER-004491,Alice Smith
VOTER-004492,Diana Prince
VOTER-004493,Alice Smith
VOTER-004494,Alice Smith
VOTER-004495,Alice Smith
VOTER-004496,Charlie Brown
VOTER-004497,Bob Jones
VOTER-004498,Bob Jones
VOTER-004499,Alice Smith
VOTER-004500,Charlie Brown
VOTER-004501,Alice Smith
VOTER-004502,Bob Jones
VOTER-004503,Alice Smith
VOTER-004504,Alice Smith
VOTER-004505,Charlie Brown
VOTER-004506,Charlie Brown
VOTER-004507,Alice Smith
VOTER-004508,Diana Prince
VOTER-004509,Alice Smith
VOTER-004510,Charlie Brown
VOTER-004511,Alice Smith
VOTER-004512,Charlie Brown
VOTER-004513,Bob Jones
VOTER-004514,Bob Jones
VOTER-004515,Alice Smith
VOTER-004516,Bob Jones
VOTER-004517,Bob Jones
VOTER-004518,Diana Prince
VOTER-004519,Alice Smith
VOTER-004520,Bob Jones
VOTER-004521,Bob Jones
VOTER-004522,Alice Smith
VOTER-004523,Alice Smith
VOTER-004524,Diana Prince
VOTER-004525,Alice Smith
VOTER-004526,Bob Jones
VOTER-004527,Bob Jones
VOTER-004528,Bob Jones
VOTER-004529,Bob Jones
VOTER-004530,Charlie Brown
VOTER-004531,Alice Smith
VOTER-004532,Charlie Brown
VOTER-004533,Bob Jones
VOTER-004534,Alice Smith
VOTER-004535,Bob Jones
VOTER-004536,Bob Jones
VOTER-004537,Alice Smith
VOTER-004538,Alice Smith
VOTER-004539,Bob Jones
VOTER-004540,Alice Smith
VOTER-004541,Bob Jones
VOTER-004542,Alice Smith
VOTER-004543,Alice Smith
VOTER-004544,Alice Smith
VOTER-004545,Alice Smith
VOTER-004546,Alice Smith
VOTER-004547,Charlie Brown
VOTER-004548,Bob Jones
VOTER-004549,Alice Smith
VOTER-004550,Diana Prince
VOTER-004551,Alice Smith
VOTER-004552,Alice Smith
VOTER-004553,Alice Smith
VOTER-004554,Alice Smith
VOTER-004555,Alice Smith
VOTER-004556,Bob Jones
VOTER-004557,Alice Smith
VOTER-004558,Diana Prince
VOTER-004559,Alice Smith
VOTER-004560,Alice Smith
VOTER-004561,Alice Smith
VOTER-004562,Diana Prince
VOTER-004563,Bob Jones
VOTER-004564,Charlie Brown
VOTER-004565,Alice Smith
VOTER-004566,Charlie Brown
VOTER-004567,Charlie Brown
VOTER-004568,Charlie Brown
VOTER-004569,Alice Smith
VOTER-004570,Alice Smith
VOTER-004571,Charlie Brown
VOTER-004572,Diana Prince
VOTER-004573,Alice Smith
VOTER-004574,Alice Smith
VOTER-004575,Diana Prince
VOTER-004576,Bob Jones
VOTER-004577,Alice Smith
VOTER-004578,Diana Prince
VOTER-004579,Bob Jones
VOTER-004580,Alice Smith
VOTER-004581,Alice Smith
VOTER-004582,Alice Smith
VOTER-004583,Diana Prince
VOTER-004584,Charlie Brown
VOTER-004585,Bob Jones
VOTER-004586,Bob Jones
VOTER-004587,Alice Smith
VOTER-004588,Alice Smith
VOTER-004589,Bob Jones
VOTER-004590,Charlie Brown
VOTER-004591,Alice Smith
VOTER-004592,Alice Smith
VOTER-004593,Charlie Brown
VOTER-004594,Alice Smith
VOTER-004595,Alice Smith
VOTER-004596,Alice Smith
VOTER-004597,Alice Smith
VOTER-004598,Alice Smith
VOTER-004599,Bob Jones
VOTER-004600,Diana Prince
VOTER-004601,Bob Jones
VOTER-004602,Alice Smith
VOTER-004603,Bob Jones
VOTER-004604,Alice Smith
VOTER-004605,Bob Jones
VOTER-004606,Bob Jones
VOTER-004607,Alice Smith
VOTER-004608,Bob Jones
VOTER-004609,Bob Jones
VOTER-004610,Alice Smith
VOTER-004611,Alice Smith
VOTER-004612,Bob Jones
VOTER-004613,Bob Jones
VOTER-004614,Bob Jones
VOTER-004615,Charlie Brown
VOTER-004616,Alice Smith
VOTER-004617,Alice Smith
VOTER-004618,Diana Prince
VOTER-004619,Charlie Brown
VOTER-004620,Bob Jones
VOTER-004621,Bob Jones
VOTER-004622,Bob Jones
VOTER-004623,Bob Jones
VOTER-004624,Bob Jones
VOTER-004625,Alice Smith
VOTER-004626,Alice Smith
VOTER-004627,Charlie Brown
VOTER-004628,Charlie Brown
VOTER-004629,Alice Smith
VOTER-004630,Bob Jones
VOTER-004631,Charlie Brown
VOTER-004632,Alice Smith
VOTER-004633,Bob Jones
VOTER-004634,Alice Smith
VOTER-004635,Alice Smith
VOTER-004636,Diana Prince
VOTER-004637,Bob Jones
VOTER-004638,Alice Smith
VOTER-004639,Bob Jones
VOTER-004640,Bob Jones
VOTER-004641,Alice Smith
VOTER-004642,Alice Smith
VOTER-004643,Bob Jones
VOTER-004644,Bob Jones
VOTER-004645,Bob Jones
VOTER-004646,Alice Smith
VOTER-004647,Alice Smith
VOTER-004648,Diana Prince
VOTER-004649,Diana Prince
VOTER-004650,Bob Jones
VOTER-004651,Charlie Brown
VOTER-004652,Charlie Brown
VOTER-004653,Bob Jones
VOTER-004654,Bob Jones
VOTER-004655,Alice Smith
VOTER-004656,Diana Prince
VOTER-004657,Charlie Brown
VOTER-004658,Diana Prince
VOTER-004659,Diana Prince
VOTER-004660,Alice Smith
VOTER-004661,Bob Jones
VOTER-004662,Alice Smith
VOTER-004663,Charlie Brown
VOTER-004664,Diana Prince
VOTER-004665,Charlie Brown
VOTER-004666,Bob Jones
VOTER-004667,Alice Smith
VOTER-004668,Alice Smith
VOTER-004669,Alice Smith
VOTER-004670,Alice Smith
VOTER-004671,Alice Smith
VOTER-004672,Bob Jones
VOTER-004673,Charlie Brown
VOTER-004674,Bob Jones
VOTER-004675,Bob Jones
VOTER-004676,Bob Jones
VOTER-004677,Bob Jones
VOTER-004678,Alice Smith
VOTER-004679,Alice Smith
VOTER-004680,Bob Jones
VOTER-004681,Bob Jones
VOTER-004682,Alice Smith
VOTER-004683,Alice Smith
VOTER-004684,Diana Prince
VOTER-004685,Bob Jones
VOTER-004686,Alice Smith
VOTER-004687,Alice Smith
VOTER-004688,Charlie Brown
VOTER-004689,Diana Prince
VOTER-004690,Alice Smith
VOTER-004691,Alice Smith
VOTER-004692,Bob Jones
VOTER-004693,Alice Smith
VOTER-004694,Alice Smith
VOTER-004695,Alice Smith
VOTER-004696,Diana Prince
VOTER-004697,Alice Smith
VOTER-004698,Diana Prince
VOTER-004699,Alice Smith
VOTER-004700,Alice Smith
VOTER-004701,Bob Jones
VOTER-004702,Alice Smith
VOTER-004703,Bob Jones
VOTER-004704,Bob Jones
VOTER-004705,Alice Smith
VOTER-004706,Diana Prince
VOTER-004707,Diana Prince
VOTER-004708,Diana Prince
VOTER-004709,Bob Jones
VOTER-004710,Charlie Brown
VOTER-004711,Alice Smith
VOTER-004712,Alice Smith
VOTER-004713,Bob Jones
VOTER-004714,Alice Smith
VOTER-004715,Alice Smith
VOTER-004716,Bob Jones
VOTER-004717,Bob Jones
VOTER-004718,Alice Smith
VOTER-004719,Bob Jones
VOTER-004720,Bob Jones
VOTER-004721,Charlie Brown
VOTER-004722,Alice Smith
VOTER-004723,Alice Smith
VOTER-004724,Alice Smith
VOTER-004725,Diana Prince
VOTER-004726,Alice Smith
VOTER-004727,Bob Jones
VOTER-004728,Alice Smith
VOTER-004729,Bob Jones
VOTER-004730,Alice Smith
VOTER-004731,Bob Jones
VOTER-004732,Bob Jones
VOTER-004733,Bob Jones
VOTER-004734,Alice Smith
VOTER-004735,Alice Smith
VOTER-004736,Charlie Brown
VOTER-004737,Alice Smith
VOTER-004738,Alice Smith
VOTER-004739,Alice Smith
VOTER-004740,Bob Jones
VOTER-004741,Charlie Brown
VOTER-004742,Alice Smith
VOTER-004743,Bob Jones
VOTER-004744,Bob Jones
VOTER-004745,Diana Prince
VOTER-004746,Charlie Brown
VOTER-004747,Bob Jones
VOTER-004748,Charlie Brown
VOTER-004749,Bob Jones
VOTER-004750,Alice Smith
VOTER-004751,Bob Jones
VOTER-004752,Alice Smith
VOTER-004753,Charlie Brown
VOTER-004754,Alice Smith
VOTER-004755,Bob Jones
VOTER-004756,Charlie Brown
VOTER-004757,Alice Smith
VOTER-004758,Alice Smith
VOTER-004759,Diana Prince
VOTER-004760,Bob Jones
VOTER-004761,Charlie Brown
VOTER-004762,Alice Smith
VOTER-004763,Bob Jones
VOTER-004764,Alice Smith
VOTER-004765,Charlie Brown
VOTER-004766,Alice Smith
VOTER-004767,Alice Smith
VOTER-004768,Bob Jones
VOTER-004769,Bob Jones
VOTER-004770,Alice Smith
VOTER-004771,Charlie Brown
VOTER-004772,Charlie Brown
VOTER-004773,Alice Smith
VOTER-004774,Diana Prince
VOTER-004775,Alice Smith
VOTER-004776,Alice Smith
VOTER-004777,Alice Smith
VOTER-004778,Bob Jones
VOTER-004779,Bob Jones
VOTER-004780,Diana Prince
VOTER-004781,Bob Jones
VOTER-004782,Alice Smith
VOTER-004783,Charlie Brown
VOTER-004784,Charlie Brown
VOTER-004785,Alice Smith
VOTER-004786,Diana Prince
VOTER-004787,Charlie Brown
VOTER-004788,Bob Jones
VOTER-004789,Charlie Brown
VOTER-004790,Alice Smith
VOTER-004791,Alice Smith
VOTER-004792,Alice Smith
VOTER-004793,Diana Prince
VOTER-004794,Bob Jones
VOTER-004795,Alice Smith
VOTER-004796,Alice Smith
VOTER-004797,Bob Jones
VOTER-004798,Charlie Brown
VOTER-004799,Bob Jones
VOTER-004800,Alice Smith
VOTER-004801,Alice Smith
VOTER-004802,Bob Jones
VOTER-004803,Bob Jones
VOTER-004804,Alice Smith
VOTER-004805,Alice Smith
VOTER-004806,Bob Jones
VOTER-004807,Alice Smith
VOTER-004808,Alice Smith
VOTER-004809,Alice Smith
VOTER-004810,Alice Smith
VOTER-004811,Alice Smith
VOTER-004812,Alice Smith
VOTER-004813,Alice Smith
VOTER-004814,Charlie Brown
VOTER-004815,Diana Prince
VOTER-004816,Bob Jones
VOTER-004817,Diana Prince
VOTER-004818,Bob Jones
VOTER-004819,Charlie Brown
VOTER-004820,Bob Jones
VOTER-004821,Alice Smith
VOTER-004822,Alice Smith
VOTER-004823,Bob Jones
VOTER-004824,Bob Jones
VOTER-004825,Bob Jones
VOTER-004826,Diana Prince
VOTER-004827,Alice Smith
VOTER-004828,Alice Smith
VOTER-004829,Alice Smith
VOTER-004830,Bob Jones
VOTER-004831,Alice Smith
VOTER-004832,Bob Jones
VOTER-004833,Bob Jones
VOTER-004834,Bob Jones
VOTER-004835,Bob Jones
VOTER-004836,Diana Prince
VOTER-004837,Bob Jones
VOTER-004838,Charlie Brown
VOTER-004839,Bob Jones
VOTER-004840,Alice Smith
VOTER-004841,Alice Smith
VOTER-004842,Bob Jones
VOTER-004843,Alice Smith
VOTER-004844,Charlie Brown
VOTER-004845,Alice Smith
VOTER-004846,Bob Jones
VOTER-004847,Charlie Brown
VOTER-004848,Bob Jones
VOTER-004849,Alice Smith
VOTER-004850,Bob Jones
VOTER-004851,Alice Smith
VOTER-004852,Alice Smith
VOTER-004853,Alice Smith
VOTER-004854,Charlie Brown
VOTER-004855,Bob Jones
VOTER-004856,Alice Smith
VOTER-004857,Bob Jones
VOTER-004858,Alice Smith
VOTER-004859,Charlie Brown
VOTER-004860,Charlie Brown
VOTER-004861,Bob Jones
VOTER-004862,Charlie Brown
VOTER-004863,Charlie Brown
VOTER-004864,Diana Prince
VOTER-004865,Bob Jones
VOTER-004866,Alice Smith
VOTER-004867,Charlie Brown
VOTER-004868,Bob Jones
VOTER-004869,Alice Smith
VOTER-004870,Alice Smith
VOTER-004871,Charlie Brown
VOTER-004872,Alice Smith
VOTER-004873,Alice Smith
VOTER-004874,Charlie Brown
VOTER-004875,Alice Smith
VOTER-004876,Bob Jones
VOTER-004877,Diana Prince
VOTER-004878,Bob Jones
VOTER-004879,Bob Jones
VOTER-004880,Bob Jones
VOTER-004881,Bob Jones
VOTER-004882,Bob Jones
VOTER-004883,Charlie Brown
VOTER-004884,Bob Jones
VOTER-004885,Diana Prince
VOTER-004886,Alice Smith
VOTER-004887,Bob Jones
VOTER-004888,Charlie Brown
VOTER-004889,Alice Smith
VOTER-004890,Bob Jones
VOTER-004891,Alice Smith
VOTER-004892,Bob Jones
VOTER-004893,Alice Smith
VOTER-004894,Bob Jones
VOTER-004895,Bob Jones
VOTER-004896,Charlie Brown
VOTER-004897,Bob Jones
VOTER-004898,Diana Prince
VOTER-004899,Alice Smith
VOTER-004900,Alice Smith
VOTER-004901,Alice Smith
VOTER-004902,Alice Smith
VOTER-004903,Bob Jones
VOTER-004904,Diana Prince
VOTER-004905,Alice Smith
VOTER-004906,Bob Jones
VOTER-004907,Bob Jones
VOTER-004908,Bob Jones
VOTER-004909,Alice Smith
VOTER-004910,Alice Smith
VOTER-004911,Alice Smith
VOTER-004912,Alice Smith
VOTER-004913,Alice Smith
VOTER-004914,Bob Jones
VOTER-004915,Bob Jones
VOTER-004916,Alice Smith
VOTER-004917,Bob Jones
VOTER-004918,Charlie Brown
VOTER-004919,Alice Smith
VOTER-004920,Bob Jones
VOTER-004921,Alice Smith
VOTER-004922,Diana Prince
VOTER-004923,Bob Jones
VOTER-004924,Bob Jones
VOTER-004925,Alice Smith
VOTER-004926,Diana Prince
VOTER-004927,Alice Smith
VOTER-004928,Bob Jones
VOTER-004929,Diana Prince
VOTER-004930,Charlie Brown
VOTER-004931,Diana Prince
VOTER-004932,Alice Smith
VOTER-004933,Bob Jones
VOTER-004934,Charlie Brown
VOTER-004935,Bob Jones
VOTER-004936,Bob Jones
VOTER-004937,Alice Smith
VOTER-004938,Alice Smith
VOTER-004939,Alice Smith
VOTER-004940,Charlie Brown
VOTER-004941,Charlie Brown
VOTER-004942,Alice Smith
VOTER-004943,Alice Smith
VOTER-004944,Bob Jones
VOTER-004945,Bob Jones
VOTER-004946,Bob Jones
VOTER-004947,Charlie Brown
VOTER-004948,Diana Prince
VOTER-004949,Alice Smith
VOTER-004950,Bob Jones
VOTER-004951,Charlie Brown
VOTER-004952,Bob Jones
VOTER-004953,Bob Jones
VOTER-004954,Alice Smith
VOTER-004955,Charlie Brown
VOTER-004956,Alice Smith
VOTER-004957,Alice Smith
VOTER-004958,Diana Prince
VOTER-004959,Bob Jones
VOTER-004960,Charlie Brown
VOTER-004961,Alice Smith
VOTER-004962,Charlie Brown
VOTER-004963,Charlie Brown
VOTER-004964,Diana Prince
VOTER-004965,Charlie Brown
VOTER-004966,Alice Smith
VOTER-004967,Alice Smith
VOTER-004968,Alice Smith
VOTER-004969,Alice Smith
VOTER-004970,Charlie Brown
VOTER-004971,Charlie Brown
VOTER-004972,Alice Smith
VOTER-004973,Alice Smith
VOTER-004974,Bob Jones
VOTER-004975,Bob Jones
VOTER-004976,Alice Smith
VOTER-004977,Diana Prince
VOTER-004978,Alice Smith
VOTER-004979,Alice Smith
VOTER-004980,Alice Smith
VOTER-004981,Alice Smith
VOTER-004982,Alice Smith
VOTER-004983,Charlie Brown
VOTER-004984,Charlie Brown
VOTER-004985,Bob Jones
VOTER-004986,Charlie Brown
VOTER-004987,Bob Jones
VOTER-004988,Diana Prince
VOTER-004989,Alice Smith
VOTER-004990,Alice Smith
VOTER-004991,Bob Jones
VOTER-004992,Charlie Brown
VOTER-004993,Diana Prince
VOTER-004994,Charlie Brown
VOTER-004995,Alice Smith
VOTER-004996,Alice Smith
VOTER-004997,Alice Smith
VOTER-004998,Alice Smith
VOTER-004999,Alice Smith
VOTER-005000,Charlie Brown
VOTER-005001,Bob Jones
VOTER-005002,Alice Smith
VOTER-005003,Alice Smith
VOTER-005004,Alice Smith
VOTER-005005,Bob Jones
VOTER-005006,Charlie Brown
VOTER-005007,Alice Smith
VOTER-005008,Charlie Brown
VOTER-005009,Bob Jones
VOTER-005010,Alice Smith
VOTER-005011,Alice Smith
VOTER-005012,Bob Jones
VOTER-005013,Alice Smith
VOTER-005014,Bob Jones
VOTER-005015,Bob Jones
VOTER-005016,Alice Smith
VOTER-005017,Alice Smith
VOTER-005018,Bob Jones
VOTER-005019,Bob Jones
VOTER-005020,Bob Jones
VOTER-005021,Charlie Brown
VOTER-005022,Bob Jones
VOTER-005023,Alice Smith
VOTER-005024,Bob Jones
VOTER-005025,Bob Jones
VOTER-005026,Charlie Brown
VOTER-005027,Bob Jones
VOTER-005028,Alice Smith
VOTER-005029,Alice Smith
VOTER-005030,Bob Jones
VOTER-005031,Alice Smith
VOTER-005032,Alice Smith
VOTER-005033,Charlie Brown
VOTER-005034,Bob Jones
VOTER-005035,Charlie Brown
VOTER-005036,Bob Jones
VOTER-005037,Diana Prince
VOTER-005038,Alice Smith
VOTER-005039,Alice Smith
VOTER-005040,Alice Smith
VOTER-005041,Diana Prince
VOTER-005042,Bob Jones
VOTER-005043,Alice Smith
VOTER-005044,Bob Jones
VOTER-005045,Bob Jones
VOTER-005046,Alice Smith
VOTER-005047,Charlie Brown
VOTER-005048,Bob Jones
VOTER-005049,Alice Smith
VOTER-005050,Bob Jones
VOTER-005051,Diana Prince
VOTER-005052,Alice Smith
VOTER-005053,Charlie Brown
VOTER-005054,Charlie Brown
VOTER-005055,Alice Smith
VOTER-005056,Bob Jones
VOTER-005057,Alice Smith
VOTER-005058,Bob Jones
VOTER-005059,Charlie Brown
VOTER-005060,Bob Jones
VOTER-005061,Alice Smith
VOTER-005062,Charlie Brown
VOTER-005063,Alice Smith
VOTER-005064,Charlie Brown
VOTER-005065,Bob Jones
VOTER-005066,Bob Jones
VOTER-005067,Alice Smith
VOTER-005068,Bob Jones
VOTER-005069,Alice Smith
VOTER-005070,Alice Smith
VOTER-005071,Bob Jones
VOTER-005072,Alice Smith
VOTER-005073,Bob Jones
VOTER-005074,Bob Jones
VOTER-005075,Bob Jones
VOTER-005076,Diana Prince
VOTER-005077,Bob Jones
VOTER-005078,Bob Jones
VOTER-005079,Bob Jones
VOTER-005080,Charlie Brown
VOTER-005081,Alice Smith
VOTER-005082,Bob Jones
VOTER-005083,Diana Prince
VOTER-005084,Diana Prince
VOTER-005085,Alice Smith
VOTER-005086,Charlie Brown
VOTER-005087,Alice Smith
VOTER-005088,Charlie Brown
VOTER-005089,Diana Prince
VOTER-005090,Bob Jones
VOTER-005091,Charlie Brown
VOTER-005092,Charlie Brown
VOTER-005093,Charlie Brown
VOTER-005094,Bob Jones
VOTER-005095,Alice Smith
VOTER-005096,Alice Smith
VOTER-005097,Diana Prince
VOTER-005098,Bob Jones
VOTER-005099,Bob Jones
VOTER-005100,Bob Jones
VOTER-005101,Bob Jones
VOTER-005102,Diana Prince
VOTER-005103,Bob Jones
VOTER-005104,Diana Prince
VOTER-005105,Bob Jones
VOTER-005106,Alice Smith
VOTER-005107,Bob Jones
VOTER-005108,Alice Smith
VOTER-005109,Diana Prince
VOTER-005110,Charlie Brown
VOTER-005111,Alice Smith
VOTER-005112,Alice Smith
VOTER-005113,Charlie Brown
VOTER-005114,Bob Jones
VOTER-005115,Charlie Brown
VOTER-005116,Bob Jones
VOTER-005117,Alice Smith
VOTER-005118,Diana Prince
VOTER-005119,Bob Jones
VOTER-005120,Diana Prince
VOTER-005121,Alice Smith
VOTER-005122,Alice Smith
VOTER-005123,Charlie Brown
VOTER-005124,Charlie Brown
VOTER-005125,Bob Jones
VOTER-005126,Alice Smith
VOTER-005127,Alice Smith
VOTER-005128,Alice Smith
VOTER-005129,Charlie Brown
VOTER-005130,Alice Smith
VOTER-005131,Alice Smith
VOTER-005132,Charlie Brown
VOTER-005133,Bob Jones
VOTER-005134,Bob Jones
VOTER-005135,Bob Jones
VOTER-005136,Alice Smith
VOTER-005137,Bob Jones
VOTER-005138,Charlie Brown
VOTER-005139,Alice Smith
VOTER-005140,Alice Smith
VOTER-005141,Alice Smith
VOTER-005142,Alice Smith
VOTER-005143,Diana Prince
VOTER-005144,Alice Smith
VOTER-005145,Bob Jones
VOTER-005146,Bob Jones
VOTER-005147,Alice Smith
VOTER-005148,Charlie Brown
VOTER-005149,Alice Smith
VOTER-005150,Alice Smith
VOTER-005151,Charlie Brown
VOTER-005152,Bob Jones
VOTER-005153,Bob Jones
VOTER-005154,Bob Jones
VOTER-005155,Alice Smith
VOTER-005156,Alice Smith
VOTER-005157,Bob Jones
VOTER-005158,Bob Jones
VOTER-005159,Charlie Brown
VOTER-005160,Alice Smith
VOTER-005161,Alice Smith
VOTER-005162,Bob Jones
VOTER-005163,Bob Jones
VOTER-005164,Alice Smith
VOTER-005165,Alice Smith
VOTER-005166,Bob Jones
VOTER-005167,Charlie Brown
VOTER-005168,Alice Smith
VOTER-005169,Alice Smith
VOTER-005170,Alice Smith
VOTER-005171,Bob Jones
VOTER-005172,Alice Smith
VOTER-005173,Charlie Brown
VOTER-005174,Alice Smith
VOTER-005175,Alice Smith
VOTER-005176,Charlie Brown
VOTER-005177,Diana Prince
VOTER-005178,Alice Smith
VOTER-005179,Alice Smith
VOTER-005180,Bob Jones
VOTER-005181,Alice Smith
VOTER-005182,Bob Jones
VOTER-005183,Bob Jones
VOTER-005184,Diana Prince
VOTER-005185,Alice Smith
VOTER-005186,Alice Smith
VOTER-005187,Bob Jones
VOTER-005188,Alice Smith
VOTER-005189,Diana Prince
VOTER-005190,Diana Prince
VOTER-005191,Bob Jones
VOTER-005192,Alice Smith
VOTER-005193,Alice Smith
VOTER-005194,Alice Smith
VOTER-005195,Bob Jones
VOTER-005196,Alice Smith
VOTER-005197,Bob Jones
VOTER-005198,Alice Smith
VOTER-005199,Charlie Brown
VOTER-005200,Charlie Brown
VOTER-005201,Alice Smith
VOTER-005202,Bob Jones
VOTER-005203,Bob Jones
VOTER-005204,Bob Jones
VOTER-005205,Diana Prince
VOTER-005206,Alice Smith
VOTER-005207,Charlie Brown
VOTER-005208,Bob Jones
VOTER-005209,Bob Jones
VOTER-005210,Diana Prince
VOTER-005211,Alice Smith
VOTER-005212,Bob Jones
VOTER-005213,Alice Smith
VOTER-005214,Alice Smith
VOTER-005215,Charlie Brown
VOTER-005216,Bob Jones
VOTER-005217,Bob Jones
VOTER-005218,Charlie Brown
VOTER-005219,Alice Smith
VOTER-005220,Bob Jones
VOTER-005221,Alice Smith
VOTER-005222,Bob Jones
VOTER-005223,Bob Jones
VOTER-005224,Diana Prince
VOTER-005225,Bob Jones
VOTER-005226,Bob Jones
VOTER-005227,Diana Prince
VOTER-005228,Alice Smith
VOTER-005229,Alice Smith
VOTER-005230,Charlie Brown
VOTER-005231,Bob Jones
VOTER-005232,Diana Prince
VOTER-005233,Alice Smith
VOTER-005234,Alice Smith
VOTER-005235,Bob Jones
VOTER-005236,Alice Smith
VOTER-005237,Alice Smith
VOTER-005238,Alice Smith
VOTER-005239,Bob Jones
VOTER-005240,Diana Prince
VOTER-005241,Alice Smith
VOTER-005242,Bob Jones
VOTER-005243,Bob Jones
VOTER-005244,Bob Jones
VOTER-005245,Bob Jones
VOTER-005246,Alice Smith
VOTER-005247,Bob Jones
VOTER-005248,Alice Smith
VOTER-005249,Bob Jones
VOTER-005250,Bob Jones
VOTER-005251,Bob Jones
VOTER-005252,Alice Smith
VOTER-005253,Charlie Brown
VOTER-005254,Alice Smith
VOTER-005255,Charlie Brown
VOTER-005256,Bob Jones
VOTER-005257,Bob Jones
VOTER-005258,Charlie Brown
VOTER-005259,Charlie Brown
VOTER-005260,Alice Smith
VOTER-005261,Diana Prince
VOTER-005262,Bob Jones
VOTER-005263,Bob Jones
VOTER-005264,Alice Smith
VOTER-005265,Alice Smith
VOTER-005266,Alice Smith
VOTER-005267,Bob Jones
VOTER-005268,Alice Smith
VOTER-005269,Bob Jones
VOTER-005270,Charlie Brown
VOTER-005271,Alice Smith
VOTER-005272,Diana Prince
VOTER-005273,Alice Smith
VOTER-005274,Alice Smith
VOTER-005275,Bob Jones
VOTER-005276,Charlie Brown
VOTER-005277,Bob Jones
VOTER-005278,Bob Jones
VOTER-005279,Alice Smith
VOTER-005280,Bob Jones
VOTER-005281,Alice Smith
VOTER-005282,Alice Smith
VOTER-005283,Diana Prince
VOTER-005284,Bob Jones
VOTER-005285,Alice Smith
VOTER-005286,Alice Smith
VOTER-005287,Charlie Brown
VOTER-005288,Bob Jones
VOTER-005289,Charlie Brown
VOTER-005290,Charlie Brown
VOTER-005291,Charlie Brown
VOTER-005292,Charlie Brown
VOTER-005293,Bob Jones
VOTER-005294,Bob Jones
VOTER-005295,Alice Smith
VOTER-005296,Charlie Brown
VOTER-005297,Alice Smith
VOTER-005298,Bob Jones
VOTER-005299,Charlie Brown
VOTER-005300,Alice Smith
VOTER-005301,Charlie Brown
VOTER-005302,Alice Smith
VOTER-005303,Alice Smith
VOTER-005304,Alice Smith
VOTER-005305,Alice Smith
VOTER-005306,Alice Smith
VOTER-005307,Bob Jones
VOTER-005308,Bob Jones
VOTER-005309,Bob Jones
VOTER-005310,Bob Jones
VOTER-005311,Charlie Brown
VOTER-005312,Alice Smith
VOTER-005313,Alice Smith
VOTER-005314,Alice Smith
VOTER-005315,Alice Smith
VOTER-005316,Alice Smith
VOTER-005317,Bob Jones
VOTER-005318,Alice Smith
VOTER-005319,Bob Jones
VOTER-005320,Alice Smith
VOTER-005321,Alice Smith
VOTER-005322,Bob Jones
VOTER-005323,Diana Prince
VOTER-005324,Alice Smith
VOTER-005325,Alice Smith
VOTER-005326,Bob Jones
VOTER-005327,Alice Smith
VOTER-005328,Alice Smith
VOTER-005329,Charlie Brown
VOTER-005330,Bob Jones
VOTER-005331,Alice Smith
VOTER-005332,Alice Smith
VOTER-005333,Charlie Brown
VOTER-005334,Bob Jones
VOTER-005335,Alice Smith
VOTER-005336,Alice Smith
VOTER-005337,Diana Prince
VOTER-005338,Alice Smith
VOTER-005339,Alice Smith
VOTER-005340,Alice Smith
VOTER-005341,Charlie Brown
VOTER-005342,Alice Smith
VOTER-005343,Charlie Brown
VOTER-005344,Bob Jones
VOTER-005345,Bob Jones
VOTER-005346,Bob Jones
VOTER-005347,Diana Prince
VOTER-005348,Diana Prince
VOTER-005349,Charlie Brown
VOTER-005350,Bob Jones
VOTER-005351,Diana Prince
VOTER-005352,Bob Jones
VOTER-005353,Bob Jones
VOTER-005354,Charlie Brown
VOTER-005355,Alice Smith
VOTER-005356,Charlie Brown
VOTER-005357,Bob Jones
VOTER-005358,Alice Smith
VOTER-005359,Charlie Brown
VOTER-005360,Bob Jones
VOTER-005361,Charlie Brown
VOTER-005362,Bob Jones
VOTER-005363,Charlie Brown
VOTER-005364,Bob Jones
VOTER-005365,Diana Prince
VOTER-005366,Alice Smith
VOTER-005367,Bob Jones
VOTER-005368,Alice Smith
VOTER-005369,Charlie Brown
VOTER-005370,Alice Smith
VOTER-005371,Bob Jones
VOTER-005372,Charlie Brown
VOTER-005373,Bob Jones
VOTER-005374,Bob Jones
VOTER-005375,Alice Smith
VOTER-005376,Alice Smith
VOTER-005377,Bob Jones
VOTER-005378,Bob Jones
VOTER-005379,Charlie Brown
VOTER-005380,Alice Smith
VOTER-005381,Bob Jones
VOTER-005382,Bob Jones
VOTER-005383,Charlie Brown
VOTER-005384,Bob Jones
VOTER-005385,Alice Smith
VOTER-005386,Diana Prince
VOTER-005387,Alice Smith
VOTER-005388,Diana Prince
VOTER-005389,Alice Smith
VOTER-005390,Bob Jones
VOTER-005391,Alice Smith
VOTER-005392,Alice Smith
VOTER-005393,Alice Smith
VOTER-005394,Alice Smith
VOTER-005395,Charlie Brown
VOTER-005396,Charlie Brown
VOTER-005397,Bob Jones
VOTER-005398,Charlie Brown
VOTER-005399,Bob Jones
VOTER-005400,Bob Jones
VOTER-005401,Bob Jones
VOTER-005402,Alice Smith
VOTER-005403,Alice Smith
VOTER-005404,Alice Smith
VOTER-005405,Charlie Brown
VOTER-005406,Alice Smith
VOTER-005407,Bob Jones
VOTER-005408,Alice Smith
VOTER-005409,Alice Smith
VOTER-005410,Bob Jones
VOTER-005411,Diana Prince
VOTER-005412,Alice Smith
VOTER-005413,Bob Jones
VOTER-005414,Bob Jones
VOTER-005415,Diana Prince
VOTER-005416,Bob Jones
VOTER-005417,Alice Smith
VOTER-005418,Charlie Brown
VOTER-005419,Alice Smith
VOTER-005420,Bob Jones
VOTER-005421,Alice Smith
VOTER-005422,Alice Smith
VOTER-005423,Alice Smith
VOTER-005424,Diana Prince
VOTER-005425,Alice Smith
VOTER-005426,Diana Prince
VOTER-005427,Bob Jones
VOTER-005428,Charlie Brown
VOTER-005429,Bob Jones
VOTER-005430,Bob Jones
VOTER-005431,Bob Jones
VOTER-005432,Alice Smith
VOTER-005433,Charlie Brown
VOTER-005434,Bob Jones
VOTER-005435,Bob Jones
VOTER-005436,Alice Smith
VOTER-005437,Alice Smith
VOTER-005438,Bob Jones
VOTER-005439,Bob Jones
VOTER-005440,Alice Smith
VOTER-005441,Alice Smith
VOTER-005442,Alice Smith
VOTER-005443,Bob Jones
VOTER-005444,Bob Jones
VOTER-005445,Charlie Brown
VOTER-005446,Charlie Brown
VOTER-005447,Alice Smith
VOTER-005448,Alice Smith
VOTER-005449,Alice Smith
VOTER-005450,Charlie Brown
VOTER-005451,Alice Smith
VOTER-005452,Diana Prince
VOTER-005453,Diana Prince
VOTER-005454,Alice Smith
VOTER-005455,Alice Smith
VOTER-005456,Charlie Brown
VOTER-005457,Diana Prince
VOTER-005458,Bob Jones
VOTER-005459,Diana Prince
VOTER-005460,Diana Prince
VOTER-005461,Alice Smith
VOTER-005462,Bob Jones
VOTER-005463,Alice Smith
VOTER-005464,Diana Prince
VOTER-005465,Alice Smith
VOTER-005466,Diana Prince
VOTER-005467,Diana Prince
VOTER-005468,Bob Jones
VOTER-005469,Bob Jones
VOTER-005470,Bob Jones
VOTER-005471,Alice Smith
VOTER-005472,Alice Smith
VOTER-005473,Bob Jones
VOTER-005474,Alice Smith
VOTER-005475,Bob Jones
VOTER-005476,Alice Smith
VOTER-005477,Alice Smith
VOTER-005478,Alice Smith
VOTER-005479,Diana Prince
VOTER-005480,Alice Smith
VOTER-005481,Diana Prince
VOTER-005482,Charlie Brown
VOTER-005483,Alice Smith
VOTER-005484,Bob Jones
VOTER-005485,Alice Smith
VOTER-005486,Alice Smith
VOTER-005487,Alice Smith
VOTER-005488,Bob Jones
VOTER-005489,Diana Prince
VOTER-005490,Alice Smith
VOTER-005491,Bob Jones
VOTER-005492,Alice Smith
VOTER-005493,Charlie Brown
VOTER-005494,Charlie Brown
VOTER-005495,Alice Smith
VOTER-005496,Alice Smith
VOTER-005497,Bob Jones
VOTER-005498,Alice Smith
VOTER-005499,Bob Jones
VOTER-005500,Charlie Brown
VOTER-005501,Charlie Brown
VOTER-005502,Bob Jones
VOTER-005503,Bob Jones
VOTER-005504,Bob Jones
VOTER-005505,Diana Prince
VOTER-005506,Bob Jones
VOTER-005507,Bob Jones
VOTER-005508,Bob Jones
VOTER-005509,Bob Jones
VOTER-005510,Alice Smith
VOTER-005511,Charlie Brown
VOTER-005512,Bob Jones
VOTER-005513,Charlie Brown
VOTER-005514,Bob Jones
VOTER-005515,Charlie Brown
VOTER-005516,Bob Jones
VOTER-005517,Bob Jones
VOTER-005518,Bob Jones
VOTER-005519,Bob Jones
VOTER-005520,Bob Jones
VOTER-005521,Bob Jones
VOTER-005522,Bob Jones
VOTER-005523,Alice Smith
VOTER-005524,Alice Smith
VOTER-005525,Charlie Brown
VOTER-005526,Diana Prince
VOTER-005527,Diana Prince
VOTER-005528,Alice Smith
VOTER-005529,Bob Jones
VOTER-005530,Bob Jones
VOTER-005531,Alice Smith
VOTER-005532,Bob Jones
VOTER-005533,Bob Jones
VOTER-005534,Alice Smith
VOTER-005535,Bob Jones
VOTER-005536,Alice Smith
VOTER-005537,Bob Jones
VOTER-005538,Alice Smith
VOTER-005539,Bob Jones
VOTER-005540,Diana Prince
VOTER-005541,Bob Jones
VOTER-005542,Bob Jones
VOTER-005543,Bob Jones
VOTER-005544,Charlie Brown
VOTER-005545,Bob Jones
VOTER-005546,Bob Jones
VOTER-005547,Alice Smith
VOTER-005548,Alice Smith
VOTER-005549,Bob Jones
VOTER-005550,Alice Smith
VOTER-005551,Alice Smith
VOTER-005552,Alice Smith
VOTER-005553,Bob Jones
VOTER-005554,Charlie Brown
VOTER-005555,Bob Jones
VOTER-005556,Charlie Brown
VOTER-005557,Bob Jones
VOTER-005558,Bob Jones
VOTER-005559,Alice Smith
VOTER-005560,Alice Smith
VOTER-005561,Alice Smith
VOTER-005562,Bob Jones
VOTER-005563,Bob Jones
VOTER-005564,Alice Smith
VOTER-005565,Diana Prince
VOTER-005566,Charlie Brown
VOTER-005567,Bob Jones
VOTER-005568,Alice Smith
VOTER-005569,Alice Smith
VOTER-005570,Bob Jones
VOTER-005571,Diana Prince
VOTER-005572,Charlie Brown
VOTER-005573,Charlie Brown
VOTER-005574,Alice Smith
VOTER-005575,Bob Jones
VOTER-005576,Charlie Brown
VOTER-005577,Alice Smith
VOTER-005578,Bob Jones
VOTER-005579,Charlie Brown
VOTER-005580,Charlie Brown
VOTER-005581,Bob Jones
VOTER-005582,Bob Jones
VOTER-005583,Bob Jones
VOTER-005584,Bob Jones
VOTER-005585,Diana Prince
VOTER-005586,Diana Prince
VOTER-005587,Charlie Brown
VOTER-005588,Diana Prince
VOTER-005589,Charlie Brown
VOTER-005590,Bob Jones
VOTER-005591,Alice Smith
VOTER-005592,Bob Jones
VOTER-005593,Bob Jones
VOTER-005594,Alice Smith
VOTER-005595,Charlie Brown
VOTER-005596,Alice Smith
VOTER-005597,Alice Smith
VOTER-005598,Alice Smith
VOTER-005599,Diana Prince
VOTER-005600,Charlie Brown
VOTER-005601,Charlie Brown
VOTER-005602,Alice Smith
VOTER-005603,Alice Smith
VOTER-005604,Diana Prince
VOTER-005605,Bob Jones
VOTER-005606,Alice Smith
VOTER-005607,Alice Smith
VOTER-005608,Alice Smith
VOTER-005609,Charlie Brown
VOTER-005610,Charlie Brown
VOTER-005611,Bob Jones
VOTER-005612,Alice Smith
VOTER-005613,Alice Smith
VOTER-005614,Bob Jones
VOTER-005615,Alice Smith
VOTER-005616,Diana Prince
VOTER-005617,Diana Prince
VOTER-005618,Bob Jones
VOTER-005619,Bob Jones
VOTER-005620,Bob Jones
VOTER-005621,Alice Smith
VOTER-005622,Charlie Brown
VOTER-005623,Alice Smith
VOTER-005624,Charlie Brown
VOTER-005625,Diana Prince
VOTER-005626,Bob Jones
VOTER-005627,Diana Prince
VOTER-005628,Charlie Brown
VOTER-005629,Bob Jones
VOTER-005630,Alice Smith
VOTER-005631,Charlie Brown
VOTER-005632,Bob Jones
VOTER-005633,Charlie Brown
VOTER-005634,Alice Smith
VOTER-005635,Alice Smith
VOTER-005636,Diana Prince
VOTER-005637,Charlie Brown
VOTER-005638,Alice Smith
VOTER-005639,Bob Jones
VOTER-005640,Alice Smith
VOTER-005641,Diana Prince
VOTER-005642,Charlie Brown
VOTER-005643,Charlie Brown
VOTER-005644,Bob Jones
VOTER-005645,Diana Prince
VOTER-005646,Bob Jones
VOTER-005647,Bob Jones
VOTER-005648,Charlie Brown
VOTER-005649,Alice Smith
VOTER-005650,Bob Jones
VOTER-005651,Bob Jones
VOTER-005652,Bob Jones
VOTER-005653,Charlie Brown
VOTER-005654,Charlie Brown
VOTER-005655,Bob Jones
VOTER-005656,Charlie Brown
VOTER-005657,Alice Smith
VOTER-005658,Bob Jones
VOTER-005659,Bob Jones
VOTER-005660,Bob Jones
VOTER-005661,Diana Prince
VOTER-005662,Bob Jones
VOTER-005663,Alice Smith
VOTER-005664,Charlie Brown
VOTER-005665,Alice Smith
VOTER-005666,Alice Smith
VOTER-005667,Alice Smith
VOTER-005668,Bob Jones
VOTER-005669,Bob Jones
VOTER-005670,Bob Jones
VOTER-005671,Alice Smith
VOTER-005672,Bob Jones
VOTER-005673,Alice Smith
VOTER-005674,Alice Smith
VOTER-005675,Alice Smith
VOTER-005676,Alice Smith
VOTER-005677,Alice Smith
VOTER-005678,Bob Jones
VOTER-005679,Alice Smith
VOTER-005680,Bob Jones
VOTER-005681,Charlie Brown
VOTER-005682,Alice Smith
VOTER-005683,Diana Prince
VOTER-005684,Charlie Brown
VOTER-005685,Alice Smith
VOTER-005686,Bob Jones
VOTER-005687,Bob Jones
VOTER-005688,Bob Jones
VOTER-005689,Bob Jones
VOTER-005690,Alice Smith
VOTER-005691,Bob Jones
VOTER-005692,Charlie Brown
VOTER-005693,Bob Jones
VOTER-005694,Alice Smith
VOTER-005695,Alice Smith
VOTER-005696,Alice Smith
VOTER-005697,Bob Jones
VOTER-005698,Bob Jones
VOTER-005699,Alice Smith
VOTER-005700,Alice Smith
VOTER-005701,Alice Smith
VOTER-005702,Bob Jones
VOTER-005703,Bob Jones
VOTER-005704,Alice Smith
VOTER-005705,Alice Smith
VOTER-005706,Bob Jones
VOTER-005707,Alice Smith
VOTER-005708,Diana Prince
VOTER-005709,Bob Jones
VOTER-005710,Bob Jones
VOTER-005711,Bob Jones
VOTER-005712,Bob Jones
VOTER-005713,Alice Smith
VOTER-005714,Bob Jones
VOTER-005715,Bob Jones
VOTER-005716,Bob Jones
VOTER-005717,Alice Smith
VOTER-005718,Bob Jones
VOTER-005719,Bob Jones
VOTER-005720,Alice Smith
VOTER-005721,Alice Smith
VOTER-005722,Bob Jones
VOTER-005723,Alice Smith
VOTER-005724,Bob Jones
VOTER-005725,Bob Jones
VOTER-005726,Alice Smith
VOTER-005727,Bob Jones
VOTER-005728,Bob Jones
VOTER-005729,Bob Jones
VOTER-005730,Diana Prince
VOTER-005731,Alice Smith
VOTER-005732,Bob Jones
VOTER-005733,Charlie Brown
VOTER-005734,Bob Jones
VOTER-005735,Alice Smith
VOTER-005736,Bob Jones
VOTER-005737,Alice Smith
VOTER-005738,Bob Jones
VOTER-005739,Alice Smith
VOTER-005740,Charlie Brown
VOTER-005741,Bob Jones
VOTER-005742,Bob Jones
VOTER-005743,Alice Smith
VOTER-005744,Alice Smith
VOTER-005745,Diana Prince
VOTER-005746,Diana Prince
VOTER-005747,Charlie Brown
VOTER-005748,Alice Smith
VOTER-005749,Alice Smith
VOTER-005750,Diana Prince
VOTER-005751,Bob Jones
VOTER-005752,Alice Smith
VOTER-005753,Alice Smith
VOTER-005754,Bob Jones
VOTER-005755,Charlie Brown
VOTER-005756,Charlie Brown
VOTER-005757,Alice Smith
VOTER-005758,Bob Jones
VOTER-005759,Bob Jones
VOTER-005760,Charlie Brown
VOTER-005761,Alice Smith
VOTER-005762,Alice Smith
VOTER-005763,Alice Smith
VOTER-005764,Charlie Brown
VOTER-005765,Alice Smith
VOTER-005766,Bob Jones
VOTER-005767,Bob Jones
VOTER-005768,Diana Prince
VOTER-005769,Charlie Brown
VOTER-005770,Diana Prince
VOTER-005771,Alice Smith
VOTER-005772,Bob Jones
VOTER-005773,Bob Jones
VOTER-005774,Bob Jones
VOTER-005775,Alice Smith
VOTER-005776,Alice Smith
VOTER-005777,Alice Smith
VOTER-005778,Alice Smith
VOTER-005779,Alice Smith
VOTER-005780,Alice Smith
VOTER-005781,Bob Jones
VOTER-005782,Bob Jones
VOTER-005783,Diana Prince
VOTER-005784,Charlie Brown
VOTER-005785,Alice Smith
VOTER-005786,Bob Jones
VOTER-005787,Alice Smith
VOTER-005788,Bob Jones
VOTER-005789,Diana Prince
VOTER-005790,Bob Jones
VOTER-005791,Charlie Brown
VOTER-005792,Charlie Brown
VOTER-005793,Alice Smith
VOTER-005794,Bob Jones
VOTER-005795,Alice Smith
VOTER-005796,Bob Jones
VOTER-005797,Charlie Brown
VOTER-005798,Bob Jones
VOTER-005799,Charlie Brown
VOTER-005800,Bob Jones
VOTER-005801,Alice Smith
VOTER-005802,Diana Prince
VOTER-005803,Charlie Brown
VOTER-005804,Alice Smith
VOTER-005805,Charlie Brown
VOTER-005806,Bob Jones
VOTER-005807,Charlie Brown
VOTER-005808,Alice Smith
VOTER-005809,Charlie Brown
VOTER-005810,Bob Jones
VOTER-005811,Alice Smith
VOTER-005812,Charlie Brown
VOTER-005813,Bob Jones
VOTER-005814,Diana Prince
VOTER-005815,Charlie Brown
VOTER-005816,Bob Jones
VOTER-005817,Alice Smith
VOTER-005818,Alice Smith
VOTER-005819,Bob Jones
VOTER-005820,Charlie Brown
VOTER-005821,Bob Jones
VOTER-005822,Bob Jones
VOTER-005823,Charlie Brown
VOTER-005824,Bob Jones
VOTER-005825,Alice Smith
VOTER-005826,Bob Jones
VOTER-005827,Charlie Brown
VOTER-005828,Alice Smith
VOTER-005829,Charlie Brown
VOTER-005830,Bob Jones
VOTER-005831,Charlie Brown
VOTER-005832,Bob Jones
VOTER-005833,Alice Smith
VOTER-005834,Bob Jones
VOTER-005835,Bob Jones
VOTER-005836,Diana Prince
VOTER-005837,Bob Jones
VOTER-005838,Alice Smith
VOTER-005839,Alice Smith
VOTER-005840,Diana Prince
VOTER-005841,Bob Jones
VOTER-005842,Bob Jones
VOTER-005843,Bob Jones
VOTER-005844,Alice Smith
VOTER-005845,Diana Prince
VOTER-005846,Bob Jones
VOTER-005847,Bob Jones
VOTER-005848,Alice Smith
VOTER-005849,Bob Jones
VOTER-005850,Alice Smith
VOTER-005851,Bob Jones
VOTER-005852,Diana Prince
VOTER-005853,Alice Smith
VOTER-005854,Diana Prince
VOTER-005855,Alice Smith
VOTER-005856,Charlie Brown
VOTER-005857,Bob Jones
VOTER-005858,Bob Jones
VOTER-005859,Bob Jones
VOTER-005860,Alice Smith
VOTER-005861,Diana Prince
VOTER-005862,Charlie Brown
VOTER-005863,Diana Prince
VOTER-005864,Charlie Brown
VOTER-005865,Bob Jones
VOTER-005866,Alice Smith
VOTER-005867,Diana Prince
VOTER-005868,Charlie Brown
VOTER-005869,Charlie Brown
VOTER-005870,Alice Smith
VOTER-005871,Diana Prince
VOTER-005872,Bob Jones
VOTER-005873,Alice Smith
VOTER-005874,Alice Smith
VOTER-005875,Alice Smith
VOTER-005876,Charlie Brown
VOTER-005877,Alice Smith
VOTER-005878,Alice Smith
VOTER-005879,Bob Jones
VOTER-005880,Charlie Brown
VOTER-005881,Bob Jones
VOTER-005882,Bob Jones
VOTER-005883,Diana Prince
VOTER-005884,Alice Smith
VOTER-005885,Bob Jones
VOTER-005886,Bob Jones
VOTER-005887,Charlie Brown
VOTER-005888,Bob Jones
VOTER-005889,Bob Jones
VOTER-005890,Alice Smith
VOTER-005891,Alice Smith
VOTER-005892,Alice Smith
VOTER-005893,Charlie Brown
VOTER-005894,Alice Smith
VOTER-005895,Charlie Brown
VOTER-005896,Charlie Brown
VOTER-005897,Charlie Brown
VOTER-005898,Charlie Brown
VOTER-005899,Bob Jones
VOTER-005900,Bob Jones
VOTER-005901,Bob Jones
VOTER-005902,Alice Smith
VOTER-005903,Alice Smith
VOTER-005904,Bob Jones
VOTER-005905,Diana Prince
VOTER-005906,Bob Jones
VOTER-005907,Alice Smith
VOTER-005908,Alice Smith
VOTER-005909,Charlie Brown
VOTER-005910,Charlie Brown
VOTER-005911,Bob Jones
VOTER-005912,Alice Smith
VOTER-005913,Alice Smith
VOTER-005914,Charlie Brown
VOTER-005915,Diana Prince
VOTER-005916,Diana Prince
VOTER-005917,Charlie Brown
VOTER-005918,Alice Smith
VOTER-005919,Alice Smith
VOTER-005920,Alice Smith
VOTER-005921,Charlie Brown
VOTER-005922,Alice Smith
VOTER-005923,Bob Jones
VOTER-005924,Bob Jones
VOTER-005925,Bob Jones
VOTER-005926,Bob Jones
VOTER-005927,Bob Jones
VOTER-005928,Charlie Brown
VOTER-005929,Alice Smith
VOTER-005930,Bob Jones
VOTER-005931,Alice Smith
VOTER-005932,Alice Smith
VOTER-005933,Bob Jones
VOTER-005934,Charlie Brown
VOTER-005935,Bob Jones
VOTER-005936,Charlie Brown
VOTER-005937,Alice Smith
VOTER-005938,Alice Smith
VOTER-005939,Charlie Brown
VOTER-005940,Charlie Brown
VOTER-005941,Alice Smith
VOTER-005942,Alice Smith
VOTER-005943,Bob Jones
VOTER-005944,Alice Smith
VOTER-005945,Bob Jones
VOTER-005946,Bob Jones
VOTER-005947,Charlie Brown
VOTER-005948,Alice Smith
VOTER-005949,Bob Jones
VOTER-005950,Alice Smith
VOTER-005951,Bob Jones
VOTER-005952,Alice Smith
VOTER-005953,Alice Smith
VOTER-005954,Charlie Brown
VOTER-005955,Charlie Brown
VOTER-005956,Bob Jones
VOTER-005957,Bob Jones
VOTER-005958,Bob Jones
VOTER-005959,Charlie Brown
VOTER-005960,Alice Smith
VOTER-005961,Bob Jones
VOTER-005962,Alice Smith
VOTER-005963,Diana Prince
VOTER-005964,Bob Jones
VOTER-005965,Alice Smith
VOTER-005966,Diana Prince
VOTER-005967,Charlie Brown
VOTER-005968,Alice Smith
VOTER-005969,Bob Jones
VOTER-005970,Bob Jones
VOTER-005971,Alice Smith
VOTER-005972,Diana Prince
VOTER-005973,Bob Jones
VOTER-005974,Bob Jones
VOTER-005975,Alice Smith
VOTER-005976,Bob Jones
VOTER-005977,Alice Smith
VOTER-005978,Bob Jones
VOTER-005979,Bob Jones
VOTER-005980,Bob Jones
VOTER-005981,Alice Smith
VOTER-005982,Alice Smith
VOTER-005983,Alice Smith
VOTER-005984,Bob Jones
VOTER-005985,Bob Jones
VOTER-005986,Alice Smith
VOTER-005987,Alice Smith
VOTER-005988,Bob Jones
VOTER-005989,Charlie Brown
VOTER-005990,Alice Smith
VOTER-005991,Charlie Brown
VOTER-005992,Alice Smith
VOTER-005993,Alice Smith
VOTER-005994,Bob Jones
VOTER-005995,Diana Prince
VOTER-005996,Bob Jones
VOTER-005997,Bob Jones
VOTER-005998,Alice Smith
VOTER-005999,Alice Smith
VOTER-006000,Bob Jones
VOTER-006001,Bob Jones
VOTER-006002,Bob Jones
VOTER-006003,Alice Smith
VOTER-006004,Charlie Brown
VOTER-006005,Bob Jones
VOTER-006006,Bob Jones
VOTER-006007,Alice Smith
VOTER-006008,Alice Smith
VOTER-006009,Diana Prince
VOTER-006010,Alice Smith
VOTER-006011,Diana Prince
VOTER-006012,Diana Prince
VOTER-006013,Diana Prince
VOTER-006014,Alice Smith
VOTER-006015,Alice Smith
VOTER-006016,Bob Jones
VOTER-006017,Bob Jones
VOTER-006018,Bob Jones
VOTER-006019,Bob Jones
VOTER-006020,Alice Smith
VOTER-006021,Alice Smith
VOTER-006022,Diana Prince
VOTER-006023,Bob Jones
VOTER-006024,Bob Jones
VOTER-006025,Alice Smith
VOTER-006026,Alice Smith
VOTER-006027,Bob Jones
VOTER-006028,Alice Smith
VOTER-006029,Charlie Brown
VOTER-006030,Charlie Brown
VOTER-006031,Bob Jones
VOTER-006032,Alice Smith
VOTER-006033,Diana Prince
VOTER-006034,Bob Jones
VOTER-006035,Bob Jones
VOTER-006036,Charlie Brown
VOTER-006037,Diana Prince
VOTER-006038,Diana Prince
VOTER-006039,Alice Smith
VOTER-006040,Bob Jones
VOTER-006041,Diana Prince
VOTER-006042,Bob Jones
VOTER-006043,Bob Jones
VOTER-006044,Bob Jones
VOTER-006045,Bob Jones
VOTER-006046,Charlie Brown
VOTER-006047,Bob Jones
VOTER-006048,Charlie Brown
VOTER-006049,Alice Smith
VOTER-006050,Alice Smith
VOTER-006051,Diana Prince
VOTER-006052,Alice Smith
VOTER-006053,Alice Smith
VOTER-006054,Bob Jones
VOTER-006055,Alice Smith
VOTER-006056,Alice Smith
VOTER-006057,Alice Smith
VOTER-006058,Alice Smith
VOTER-006059,Alice Smith
VOTER-006060,Alice Smith
VOTER-006061,Charlie Brown
VOTER-006062,Alice Smith
VOTER-006063,Diana Prince
VOTER-006064,Charlie Brown
VOTER-006065,Alice Smith
VOTER-006066,Charlie Brown
VOTER-006067,Diana Prince
VOTER-006068,Charlie Brown
VOTER-006069,Alice Smith
VOTER-006070,Alice Smith
VOTER-006071,Alice Smith
VOTER-006072,Bob Jones
VOTER-006073,Diana Prince
VOTER-006074,Alice Smith
VOTER-006075,Bob Jones
VOTER-006076,Charlie Brown
VOTER-006077,Diana Prince
VOTER-006078,Bob Jones
VOTER-006079,Bob Jones
VOTER-006080,Charlie Brown
VOTER-006081,Alice Smith
VOTER-006082,Charlie Brown
VOTER-006083,Alice Smith
VOTER-006084,Charlie Brown
VOTER-006085,Alice Smith
VOTER-006086,Diana Prince
VOTER-006087,Alice Smith
VOTER-006088,Charlie Brown
VOTER-006089,Alice Smith
VOTER-006090,Alice Smith
VOTER-006091,Diana Prince
VOTER-006092,Alice Smith
VOTER-006093,Diana Prince
VOTER-006094,Diana Prince
VOTER-006095,Alice Smith
VOTER-006096,Charlie Brown
VOTER-006097,Bob Jones
VOTER-006098,Alice Smith
VOTER-006099,Bob Jones
VOTER-006100,Bob Jones
VOTER-006101,Alice Smith
VOTER-006102,Charlie Brown
VOTER-006103,Alice Smith
VOTER-006104,Charlie Brown
VOTER-006105,Alice Smith
VOTER-006106,Alice Smith
VOTER-006107,Alice Smith
VOTER-006108,Bob Jones
VOTER-006109,Diana Prince
VOTER-006110,Bob Jones
VOTER-006111,Diana Prince
VOTER-006112,Bob Jones
VOTER-006113,Charlie Brown
VOTER-006114,Alice Smith
VOTER-006115,Alice Smith
VOTER-006116,Bob Jones
VOTER-006117,Bob Jones
VOTER-006118,Alice Smith
VOTER-006119,Alice Smith
VOTER-006120,Bob Jones
VOTER-006121,Bob Jones
VOTER-006122,Alice Smith
VOTER-006123,Alice Smith
VOTER-006124,Alice Smith
VOTER-006125,Alice Smith
VOTER-006126,Alice Smith
VOTER-006127,Diana Prince
VOTER-006128,Alice Smith
VOTER-006129,Charlie Brown
VOTER-006130,Alice Smith
VOTER-006131,Alice Smith
VOTER-006132,Bob Jones
VOTER-006133,Diana Prince
VOTER-006134,Bob Jones
VOTER-006135,Alice Smith
VOTER-006136,Charlie Brown
VOTER-006137,Alice Smith
VOTER-006138,Bob Jones
VOTER-006139,Alice Smith
VOTER-006140,Bob Jones
VOTER-006141,Alice Smith
VOTER-006142,Alice Smith
VOTER-006143,Alice Smith
VOTER-006144,Charlie Brown
VOTER-006145,Charlie Brown
VOTER-006146,Bob Jones
VOTER-006147,Bob Jones
VOTER-006148,Bob Jones
VOTER-006149,Charlie Brown
VOTER-006150,Alice Smith
VOTER-006151,Bob Jones
VOTER-006152,Alice Smith
VOTER-006153,Bob Jones
VOTER-006154,Bob Jones
VOTER-006155,Alice Smith
VOTER-006156,Alice Smith
VOTER-006157,Bob Jones
VOTER-006158,Diana Prince
VOTER-006159,Alice Smith
VOTER-006160,Bob Jones
VOTER-006161,Diana Prince
VOTER-006162,Alice Smith
VOTER-006163,Charlie Brown
VOTER-006164,Alice Smith
VOTER-006165,Diana Prince
VOTER-006166,Bob Jones
VOTER-006167,Alice Smith
VOTER-006168,Charlie Brown
VOTER-006169,Bob Jones
VOTER-006170,Diana Prince
VOTER-006171,Diana Prince
VOTER-006172,Bob Jones
VOTER-006173,Alice Smith
VOTER-006174,Bob Jones
VOTER-006175,Alice Smith
VOTER-006176,Diana Prince
VOTER-006177,Bob Jones
VOTER-006178,Charlie Brown
VOTER-006179,Charlie Brown
VOTER-006180,Alice Smith
VOTER-006181,Alice Smith
VOTER-006182,Alice Smith
VOTER-006183,Charlie Brown
VOTER-006184,Alice Smith
VOTER-006185,Alice Smith
VOTER-006186,Alice Smith
VOTER-006187,Alice Smith
VOTER-006188,Alice Smith
VOTER-006189,Alice Smith
VOTER-006190,Charlie Brown
VOTER-006191,Diana Prince
VOTER-006192,Alice Smith
VOTER-006193,Charlie Brown
VOTER-006194,Alice Smith
VOTER-006195,Bob Jones
VOTER-006196,Alice Smith
VOTER-006197,Bob Jones
VOTER-006198,Alice Smith
VOTER-006199,Bob Jones
VOTER-006200,Bob Jones
VOTER-006201,Charlie Brown
VOTER-006202,Charlie Brown
VOTER-006203,Alice Smith
VOTER-006204,Alice Smith
VOTER-006205,Bob Jones
VOTER-006206,Charlie Brown
VOTER-006207,Bob Jones
VOTER-006208,Diana Prince
VOTER-006209,Alice Smith
VOTER-006210,Charlie Brown
VOTER-006211,Bob Jones
VOTER-006212,Bob Jones
VOTER-006213,Bob Jones
VOTER-006214,Bob Jones
VOTER-006215,Alice Smith
VOTER-006216,Alice Smith
VOTER-006217,Alice Smith
VOTER-006218,Alice Smith
VOTER-006219,Charlie Brown
VOTER-006220,Alice Smith
VOTER-006221,Bob Jones
VOTER-006222,Bob Jones
VOTER-006223,Diana Prince
VOTER-006224,Alice Smith
VOTER-006225,Bob Jones
VOTER-006226,Alice Smith
VOTER-006227,Alice Smith
VOTER-006228,Bob Jones
VOTER-006229,Alice Smith
VOTER-006230,Charlie Brown
VOTER-006231,Alice Smith
VOTER-006232,Charlie Brown
VOTER-006233,Bob Jones
VOTER-006234,Bob Jones
VOTER-006235,Alice Smith
VOTER-006236,Diana Prince
VOTER-006237,Bob Jones
VOTER-006238,Alice Smith
VOTER-006239,Charlie Brown
VOTER-006240,Bob Jones
VOTER-006241,Charlie Brown
VOTER-006242,Charlie Brown
VOTER-006243,Bob Jones
VOTER-006244,Charlie Brown
VOTER-006245,Alice Smith
VOTER-006246,Charlie Brown
VOTER-006247,Alice Smith
VOTER-006248,Alice Smith
VOTER-006249,Bob Jones
VOTER-006250,Bob Jones
VOTER-006251,Charlie Brown
VOTER-006252,Diana Prince
VOTER-006253,Alice Smith
VOTER-006254,Charlie Brown
VOTER-006255,Alice Smith
VOTER-006256,Diana Prince
VOTER-006257,Charlie Brown
VOTER-006258,Diana Prince
VOTER-006259,Bob Jones
VOTER-006260,Alice Smith
VOTER-006261,Alice Smith
VOTER-006262,Charlie Brown
VOTER-006263,Alice Smith
VOTER-006264,Bob Jones
VOTER-006265,Bob Jones
VOTER-006266,Bob Jones
VOTER-006267,Diana Prince
VOTER-006268,Alice Smith
VOTER-006269,Alice Smith
VOTER-006270,Alice Smith
VOTER-006271,Bob Jones
VOTER-006272,Diana Prince
VOTER-006273,Alice Smith
VOTER-006274,Alice Smith
VOTER-006275,Charlie Brown
VOTER-006276,Bob Jones
VOTER-006277,Charlie Brown
VOTER-006278,Charlie Brown
VOTER-006279,Alice Smith
VOTER-006280,Charlie Brown
VOTER-006281,Alice Smith
VOTER-006282,Diana Prince
VOTER-006283,Bob Jones
VOTER-006284,Charlie Brown
VOTER-006285,Bob Jones
VOTER-006286,Alice Smith
VOTER-006287,Alice Smith
VOTER-006288,Bob Jones
VOTER-006289,Bob Jones
VOTER-006290,Alice Smith
VOTER-006291,Alice Smith
VOTER-006292,Bob Jones
VOTER-006293,Bob Jones
VOTER-006294,Bob Jones
VOTER-006295,Bob Jones
VOTER-006296,Alice Smith
VOTER-006297,Bob Jones
VOTER-006298,Alice Smith
VOTER-006299,Alice Smith
VOTER-006300,Bob Jones
VOTER-006301,Diana Prince
VOTER-006302,Charlie Brown
VOTER-006303,Bob Jones
VOTER-006304,Bob Jones
VOTER-006305,Bob Jones
VOTER-006306,Charlie Brown
VOTER-006307,Diana Prince
VOTER-006308,Bob Jones
VOTER-006309,Bob Jones
VOTER-006310,Charlie Brown
VOTER-006311,Bob Jones
VOTER-006312,Bob Jones
VOTER-006313,Bob Jones
VOTER-006314,Diana Prince
VOTER-006315,Alice Smith
VOTER-006316,Alice Smith
VOTER-006317,Alice Smith
VOTER-006318,Bob Jones
VOTER-006319,Alice Smith
VOTER-006320,Charlie Brown
VOTER-006321,Alice Smith
VOTER-006322,Alice Smith
VOTER-006323,Bob Jones
VOTER-006324,Alice Smith
VOTER-006325,Alice Smith
VOTER-006326,Charlie Brown
VOTER-006327,Bob Jones
VOTER-006328,Diana Prince
VOTER-006329,Bob Jones
VOTER-006330,Bob Jones
VOTER-006331,Bob Jones
VOTER-006332,Alice Smith
VOTER-006333,Bob Jones
VOTER-006334,Bob Jones
VOTER-006335,Alice Smith
VOTER-006336,Alice Smith
VOTER-006337,Bob Jones
VOTER-006338,Bob Jones
VOTER-006339,Bob Jones
VOTER-006340,Bob Jones
VOTER-006341,Bob Jones
VOTER-006342,Bob Jones
VOTER-006343,Alice Smith
VOTER-006344,Bob Jones
VOTER-006345,Bob Jones
VOTER-006346,Charlie Brown
VOTER-006347,Charlie Brown
VOTER-006348,Diana Prince
VOTER-006349,Alice Smith
VOTER-006350,Alice Smith
VOTER-006351,Alice Smith
VOTER-006352,Alice Smith
VOTER-006353,Bob Jones
VOTER-006354,Bob Jones
VOTER-006355,Charlie Brown
VOTER-006356,Alice Smith
VOTER-006357,Bob Jones
VOTER-006358,Alice Smith
VOTER-006359,Alice Smith
VOTER-006360,Alice Smith
VOTER-006361,Alice Smith
VOTER-006362,Diana Prince
VOTER-006363,Charlie Brown
VOTER-006364,Charlie Brown
VOTER-006365,Charlie Brown
VOTER-006366,Diana Prince
VOTER-006367,Alice Smith
VOTER-006368,Alice Smith
VOTER-006369,Alice Smith
VOTER-006370,Bob Jones
VOTER-006371,Charlie Brown
VOTER-006372,Bob Jones
VOTER-006373,Alice Smith
VOTER-006374,Charlie Brown
VOTER-006375,Alice Smith
VOTER-006376,Alice Smith
VOTER-006377,Charlie Brown
VOTER-006378,Alice Smith
VOTER-006379,Alice Smith
VOTER-006380,Bob Jones
VOTER-006381,Bob Jones
VOTER-006382,Bob Jones
VOTER-006383,Alice Smith
VOTER-006384,Charlie Brown
VOTER-006385,Alice Smith
VOTER-006386,Alice Smith
VOTER-006387,Alice Smith
VOTER-006388,Alice Smith
VOTER-006389,Alice Smith
VOTER-006390,Alice Smith
VOTER-006391,Diana Prince
VOTER-006392,Diana Prince
VOTER-006393,Bob Jones
VOTER-006394,Bob Jones
VOTER-006395,Charlie Brown
VOTER-006396,Charlie Brown
VOTER-006397,Alice Smith
VOTER-006398,Bob Jones
VOTER-006399,Charlie Brown
VOTER-006400,Alice Smith
VOTER-006401,Alice Smith
VOTER-006402,Bob Jones
VOTER-006403,Bob Jones
VOTER-006404,Bob Jones
VOTER-006405,Alice Smith
VOTER-006406,Bob Jones
VOTER-006407,Bob Jones
VOTER-006408,Alice Smith
VOTER-006409,Alice Smith
VOTER-006410,Alice Smith
VOTER-006411,Alice Smith
VOTER-006412,Bob Jones
VOTER-006413,Charlie Brown
VOTER-006414,Charlie Brown
VOTER-006415,Alice Smith
VOTER-006416,Charlie Brown
VOTER-006417,Bob Jones
VOTER-006418,Charlie Brown
VOTER-006419,Alice Smith
VOTER-006420,Bob Jones
VOTER-006421,Diana Prince
VOTER-006422,Bob Jones
VOTER-006423,Bob Jones
VOTER-006424,Alice Smith
VOTER-006425,Bob Jones
VOTER-006426,Bob Jones
VOTER-006427,Alice Smith
VOTER-006428,Alice Smith
VOTER-006429,Alice Smith
VOTER-006430,Charlie Brown
VOTER-006431,Bob Jones
VOTER-006432,Bob Jones
VOTER-006433,Alice Smith
VOTER-006434,Charlie Brown
VOTER-006435,Bob Jones
VOTER-006436,Charlie Brown
VOTER-006437,Bob Jones
VOTER-006438,Alice Smith
VOTER-006439,Alice Smith
VOTER-006440,Alice Smith
VOTER-006441,Alice Smith
VOTER-006442,Alice Smith
VOTER-006443,Alice Smith
VOTER-006444,Bob Jones
VOTER-006445,Bob Jones
VOTER-006446,Alice Smith
VOTER-006447,Diana Prince
VOTER-006448,Bob Jones
VOTER-006449,Alice Smith
VOTER-006450,Charlie Brown
VOTER-006451,Bob Jones
VOTER-006452,Charlie Brown
VOTER-006453,Alice Smith
VOTER-006454,Diana Prince
VOTER-006455,Bob Jones
VOTER-006456,Alice Smith
VOTER-006457,Charlie Brown
VOTER-006458,Bob Jones
VOTER-006459,Bob Jones
VOTER-006460,Charlie Brown
VOTER-006461,Alice Smith
VOTER-006462,Charlie Brown
VOTER-006463,Alice Smith
VOTER-006464,Alice Smith
VOTER-006465,Bob Jones
VOTER-006466,Charlie Brown
VOTER-006467,Bob Jones
VOTER-006468,Diana Prince
VOTER-006469,Bob Jones
VOTER-006470,Alice Smith
VOTER-006471,Bob Jones
VOTER-006472,Alice Smith
VOTER-006473,Charlie Brown
VOTER-006474,Bob Jones
VOTER-006475,Alice Smith
VOTER-006476,Bob Jones
VOTER-006477,Alice Smith
VOTER-006478,Charlie Brown
VOTER-006479,Alice Smith
VOTER-006480,Bob Jones
VOTER-006481,Diana Prince
VOTER-006482,Bob Jones
VOTER-006483,Bob Jones
VOTER-006484,Diana Prince
VOTER-006485,Alice Smith
VOTER-006486,Alice Smith
VOTER-006487,Bob Jones
VOTER-006488,Bob Jones
VOTER-006489,Diana Prince
VOTER-006490,Alice Smith
VOTER-006491,Alice Smith
VOTER-006492,Bob Jones
VOTER-006493,Bob Jones
VOTER-006494,Bob Jones
VOTER-006495,Alice Smith
VOTER-006496,Bob Jones
VOTER-006497,Bob Jones
VOTER-006498,Bob Jones
VOTER-006499,Alice Smith
VOTER-006500,Bob Jones
VOTER-006501,Alice Smith
VOTER-006502,Diana Prince
VOTER-006503,Alice Smith
VOTER-006504,Bob Jones
VOTER-006505,Alice Smith
VOTER-006506,Charlie Brown
VOTER-006507,Alice Smith
VOTER-006508,Diana Prince
VOTER-006509,Bob Jones
VOTER-006510,Bob Jones
VOTER-006511,Charlie Brown
VOTER-006512,Bob Jones
VOTER-006513,Bob Jones
VOTER-006514,Bob Jones
VOTER-006515,Alice Smith
VOTER-006516,Diana Prince
VOTER-006517,Bob Jones
VOTER-006518,Bob Jones
VOTER-006519,Bob Jones
VOTER-006520,Diana Prince
VOTER-006521,Bob Jones
VOTER-006522,Alice Smith
VOTER-006523,Bob Jones
VOTER-006524,Bob Jones
VOTER-006525,Bob Jones
VOTER-006526,Bob Jones
VOTER-006527,Charlie Brown
VOTER-006528,Diana Prince
VOTER-006529,Alice Smith
VOTER-006530,Alice Smith
VOTER-006531,Charlie Brown
VOTER-006532,Alice Smith
VOTER-006533,Bob Jones
VOTER-006534,Charlie Brown
VOTER-006535,Bob Jones
VOTER-006536,Bob Jones
VOTER-006537,Diana Prince
VOTER-006538,Diana Prince
VOTER-006539,Bob Jones
VOTER-006540,Alice Smith
VOTER-006541,Diana Prince
VOTER-006542,Alice Smith
VOTER-006543,Alice Smith
VOTER-006544,Charlie Brown
VOTER-006545,Charlie Brown
VOTER-006546,Bob Jones
VOTER-006547,Alice Smith
VOTER-006548,Bob Jones
VOTER-006549,Alice Smith
VOTER-006550,Bob Jones
VOTER-006551,Charlie Brown
VOTER-006552,Bob Jones
VOTER-006553,Alice Smith
VOTER-006554,Alice Smith
VOTER-006555,Alice Smith
VOTER-006556,Alice Smith
VOTER-006557,Bob Jones
VOTER-006558,Diana Prince
VOTER-006559,Alice Smith
VOTER-006560,Charlie Brown
VOTER-006561,Alice Smith
VOTER-006562,Charlie Brown
VOTER-006563,Bob Jones
VOTER-006564,Bob Jones
VOTER-006565,Alice Smith
VOTER-006566,Charlie Brown
VOTER-006567,Bob Jones
VOTER-006568,Alice Smith
VOTER-006569,Alice Smith
VOTER-006570,Alice Smith
VOTER-006571,Alice Smith
VOTER-006572,Alice Smith
VOTER-006573,Bob Jones
VOTER-006574,Bob Jones
VOTER-006575,Alice Smith
VOTER-006576,Alice Smith
VOTER-006577,Alice Smith
VOTER-006578,Alice Smith
VOTER-006579,Bob Jones
VOTER-006580,Alice Smith
VOTER-006581,Bob Jones
VOTER-006582,Bob Jones
VOTER-006583,Bob Jones
VOTER-006584,Bob Jones
VOTER-006585,Alice Smith
VOTER-006586,Bob Jones
VOTER-006587,Alice Smith
VOTER-006588,Alice Smith
VOTER-006589,Alice Smith
VOTER-006590,Alice Smith
VOTER-006591,Charlie Brown
VOTER-006592,Bob Jones
VOTER-006593,Bob Jones
VOTER-006594,Alice Smith
VOTER-006595,Alice Smith
VOTER-006596,Alice Smith
VOTER-006597,Alice Smith
VOTER-006598,Charlie Brown
VOTER-006599,Bob Jones
VOTER-006600,Alice Smith
VOTER-006601,Bob Jones
VOTER-006602,Alice Smith
VOTER-006603,Alice Smith
VOTER-006604,Bob Jones
VOTER-006605,Alice Smith
VOTER-006606,Bob Jones
VOTER-006607,Alice Smith
VOTER-006608,Diana Prince
VOTER-006609,Bob Jones
VOTER-006610,Charlie Brown
VOTER-006611,Alice Smith
VOTER-006612,Diana Prince
VOTER-006613,Alice Smith
VOTER-006614,Alice Smith
VOTER-006615,Diana Prince
VOTER-006616,Bob Jones
VOTER-006617,Alice Smith
VOTER-006618,Charlie Brown
VOTER-006619,Bob Jones
VOTER-006620,Bob Jones
VOTER-006621,Alice Smith
VOTER-006622,Bob Jones
VOTER-006623,Alice Smith
VOTER-006624,Alice Smith
VOTER-006625,Diana Prince
VOTER-006626,Alice Smith
VOTER-006627,Bob Jones
VOTER-006628,Bob Jones
VOTER-006629,Alice Smith
VOTER-006630,Alice Smith
VOTER-006631,Bob Jones
VOTER-006632,Charlie Brown
VOTER-006633,Charlie Brown
VOTER-006634,Bob Jones
VOTER-006635,Bob Jones
VOTER-006636,Bob Jones
VOTER-006637,Bob Jones
VOTER-006638,Bob Jones
VOTER-006639,Alice Smith
VOTER-006640,Charlie Brown
VOTER-006641,Alice Smith
VOTER-006642,Diana Prince
VOTER-006643,Bob Jones
VOTER-006644,Alice Smith
VOTER-006645,Alice Smith
VOTER-006646,Alice Smith
VOTER-006647,Diana Prince
VOTER-006648,Diana Prince
VOTER-006649,Bob Jones
VOTER-006650,Alice Smith
VOTER-006651,Bob Jones
VOTER-006652,Alice Smith
VOTER-006653,Alice Smith
VOTER-006654,Bob Jones
VOTER-006655,Bob Jones
VOTER-006656,Bob Jones
VOTER-006657,Alice Smith
VOTER-006658,Alice Smith
VOTER-006659,Diana Prince
VOTER-006660,Diana Prince
VOTER-006661,Bob Jones
VOTER-006662,Charlie Brown
VOTER-006663,Bob Jones
VOTER-006664,Bob Jones
VOTER-006665,Charlie Brown
VOTER-006666,Bob Jones
VOTER-006667,Charlie Brown
VOTER-006668,Diana Prince
VOTER-006669,Charlie Brown
VOTER-006670,Alice Smith
VOTER-006671,Alice Smith
VOTER-006672,Bob Jones
VOTER-006673,Alice Smith
VOTER-006674,Charlie Brown
VOTER-006675,Diana Prince
VOTER-006676,Bob Jones
VOTER-006677,Alice Smith
VOTER-006678,Bob Jones
VOTER-006679,Alice Smith
VOTER-006680,Bob Jones
VOTER-006681,Bob Jones
VOTER-006682,Alice Smith
VOTER-006683,Bob Jones
VOTER-006684,Bob Jones
VOTER-006685,Bob Jones
VOTER-006686,Bob Jones
VOTER-006687,Charlie Brown
VOTER-006688,Alice Smith
VOTER-006689,Alice Smith
VOTER-006690,Alice Smith
VOTER-006691,Alice Smith
VOTER-006692,Bob Jones
VOTER-006693,Alice Smith
VOTER-006694,Alice Smith
VOTER-006695,Alice Smith
VOTER-006696,Diana Prince
VOTER-006697,Bob Jones
VOTER-006698,Alice Smith
VOTER-006699,Alice Smith
VOTER-006700,Charlie Brown
VOTER-006701,Alice Smith
VOTER-006702,Alice Smith
VOTER-006703,Alice Smith
VOTER-006704,Alice Smith
VOTER-006705,Alice Smith
VOTER-006706,Diana Prince
VOTER-006707,Bob Jones
VOTER-006708,Bob Jones
VOTER-006709,Charlie Brown
VOTER-006710,Charlie Brown
VOTER-006711,Bob Jones
VOTER-006712,Alice Smith
VOTER-006713,Bob Jones
VOTER-006714,Bob Jones
VOTER-006715,Charlie Brown
VOTER-006716,Diana Prince
VOTER-006717,Diana Prince
VOTER-006718,Bob Jones
VOTER-006719,Alice Smith
VOTER-006720,Bob Jones
VOTER-006721,Charlie Brown
VOTER-006722,Bob Jones
VOTER-006723,Charlie Brown
VOTER-006724,Bob Jones
VOTER-006725,Alice Smith
VOTER-006726,Bob Jones
VOTER-006727,Bob Jones
VOTER-006728,Bob Jones
VOTER-006729,Charlie Brown
VOTER-006730,Alice Smith
VOTER-006731,Charlie Brown
VOTER-006732,Bob Jones
VOTER-006733,Alice Smith
VOTER-006734,Bob Jones
VOTER-006735,Bob Jones
VOTER-006736,Alice Smith
VOTER-006737,Alice Smith
VOTER-006738,Bob Jones
VOTER-006739,Alice Smith
VOTER-006740,Bob Jones
VOTER-006741,Bob Jones
VOTER-006742,Alice Smith
VOTER-006743,Diana Prince
VOTER-006744,Alice Smith
VOTER-006745,Alice Smith
VOTER-006746,Charlie Brown
VOTER-006747,Alice Smith
VOTER-006748,Bob Jones
VOTER-006749,Charlie Brown
VOTER-006750,Bob Jones
VOTER-006751,Bob Jones
VOTER-006752,Diana Prince
VOTER-006753,Alice Smith
VOTER-006754,Charlie Brown
VOTER-006755,Alice Smith
VOTER-006756,Charlie Brown
VOTER-006757,Alice Smith
VOTER-006758,Alice Smith
VOTER-006759,Alice Smith
VOTER-006760,Bob Jones
VOTER-006761,Alice Smith
VOTER-006762,Alice Smith
VOTER-006763,Alice Smith
VOTER-006764,Bob Jones
VOTER-006765,Alice Smith
VOTER-006766,Diana Prince
VOTER-006767,Alice Smith
VOTER-006768,Alice Smith
VOTER-006769,Charlie Brown
VOTER-006770,Bob Jones
VOTER-006771,Alice Smith
VOTER-006772,Bob Jones
VOTER-006773,Bob Jones
VOTER-006774,Alice Smith
VOTER-006775,Charlie Brown
VOTER-006776,Diana Prince
VOTER-006777,Bob Jones
VOTER-006778,Bob Jones
VOTER-006779,Alice Smith
VOTER-006780,Bob Jones
VOTER-006781,Bob Jones
VOTER-006782,Bob Jones
VOTER-006783,Alice Smith
VOTER-006784,Diana Prince
VOTER-006785,Charlie Brown
VOTER-006786,Charlie Brown
VOTER-006787,Bob Jones
VOTER-006788,Bob Jones
VOTER-006789,Bob Jones
VOTER-006790,Alice Smith
VOTER-006791,Alice Smith
VOTER-006792,Bob Jones
VOTER-006793,Alice Smith
VOTER-006794,Alice Smith
VOTER-006795,Bob Jones
VOTER-006796,Alice Smith
VOTER-006797,Charlie Brown
VOTER-006798,Bob Jones
VOTER-006799,Bob Jones
VOTER-006800,Alice Smith
VOTER-006801,Alice Smith
VOTER-006802,Alice Smith
VOTER-006803,Alice Smith
VOTER-006804,Bob Jones
VOTER-006805,Alice Smith
VOTER-006806,Charlie Brown
VOTER-006807,Alice Smith
VOTER-006808,Alice Smith
VOTER-006809,Alice Smith
VOTER-006810,Alice Smith
VOTER-006811,Charlie Brown
VOTER-006812,Diana Prince
VOTER-006813,Charlie Brown
VOTER-006814,Bob Jones
VOTER-006815,Bob Jones
VOTER-006816,Charlie Brown
VOTER-006817,Bob Jones
VOTER-006818,Bob Jones
VOTER-006819,Bob Jones
VOTER-006820,Alice Smith
VOTER-006821,Diana Prince
VOTER-006822,Alice Smith
VOTER-006823,Bob Jones
VOTER-006824,Charlie Brown
VOTER-006825,Diana Prince
VOTER-006826,Bob Jones
VOTER-006827,Bob Jones
VOTER-006828,Bob Jones
VOTER-006829,Bob Jones
VOTER-006830,Bob Jones
VOTER-006831,Bob Jones
VOTER-006832,Alice Smith
VOTER-006833,Diana Prince
VOTER-006834,Alice Smith
VOTER-006835,Charlie Brown
VOTER-006836,Alice Smith
VOTER-006837,Alice Smith
VOTER-006838,Bob Jones
VOTER-006839,Alice Smith
VOTER-006840,Alice Smith
VOTER-006841,Alice Smith
VOTER-006842,Alice Smith
VOTER-006843,Bob Jones
VOTER-006844,Diana Prince
VOTER-006845,Bob Jones
VOTER-006846,Alice Smith
VOTER-006847,Bob Jones
VOTER-006848,Bob Jones
VOTER-006849,Alice Smith
VOTER-006850,Alice Smith
VOTER-006851,Diana Prince
VOTER-006852,Bob Jones
VOTER-006853,Bob Jones
VOTER-006854,Alice Smith
VOTER-006855,Alice Smith
VOTER-006856,Bob Jones
VOTER-006857,Alice Smith
VOTER-006858,Alice Smith
VOTER-006859,Alice Smith
VOTER-006860,Alice Smith
VOTER-006861,Diana Prince
VOTER-006862,Bob Jones
VOTER-006863,Bob Jones
VOTER-006864,Charlie Brown
VOTER-006865,Charlie Brown
VOTER-006866,Charlie Brown
VOTER-006867,Alice Smith
VOTER-006868,Bob Jones
VOTER-006869,Bob Jones
VOTER-006870,Charlie Brown
VOTER-006871,Bob Jones
VOTER-006872,Alice Smith
VOTER-006873,Bob Jones
VOTER-006874,Bob Jones
VOTER-006875,Bob Jones
VOTER-006876,Bob Jones
VOTER-006877,Alice Smith
VOTER-006878,Alice Smith
VOTER-006879,Alice Smith
VOTER-006880,Bob Jones
VOTER-006881,Charlie Brown
VOTER-006882,Bob Jones
VOTER-006883,Alice Smith
VOTER-006884,Bob Jones
VOTER-006885,Alice Smith
VOTER-006886,Alice Smith
VOTER-006887,Bob Jones
VOTER-006888,Alice Smith
VOTER-006889,Alice Smith
VOTER-006890,Alice Smith
VOTER-006891,Bob Jones
VOTER-006892,Charlie Brown
VOTER-006893,Alice Smith
VOTER-006894,Alice Smith
VOTER-006895,Charlie Brown
VOTER-006896,Alice Smith
VOTER-006897,Bob Jones
VOTER-006898,Charlie Brown
VOTER-006899,Diana Prince
VOTER-006900,Diana Prince
VOTER-006901,Alice Smith
VOTER-006902,Alice Smith
VOTER-006903,Diana Prince
VOTER-006904,Alice Smith
VOTER-006905,Charlie Brown
VOTER-006906,Bob Jones
VOTER-006907,Bob Jones
VOTER-006908,Diana Prince
VOTER-006909,Bob Jones
VOTER-006910,Bob Jones
VOTER-006911,Charlie Brown
VOTER-006912,Alice Smith
VOTER-006913,Alice Smith
VOTER-006914,Alice Smith
VOTER-006915,Alice Smith
VOTER-006916,Charlie Brown
VOTER-006917,Bob Jones
VOTER-006918,Bob Jones
VOTER-006919,Diana Prince
VOTER-006920,Charlie Brown
VOTER-006921,Alice Smith
VOTER-006922,Alice Smith
VOTER-006923,Bob Jones
VOTER-006924,Alice Smith
VOTER-006925,Bob Jones
VOTER-006926,Diana Prince
VOTER-006927,Alice Smith
VOTER-006928,Alice Smith
VOTER-006929,Alice Smith
VOTER-006930,Diana Prince
VOTER-006931,Alice Smith
VOTER-006932,Alice Smith
VOTER-006933,Alice Smith
VOTER-006934,Charlie Brown
VOTER-006935,Alice Smith
VOTER-006936,Alice Smith
VOTER-006937,Bob Jones
VOTER-006938,Alice Smith
VOTER-006939,Alice Smith
VOTER-006940,Bob Jones
VOTER-006941,Alice Smith
VOTER-006942,Charlie Brown
VOTER-006943,Alice Smith
VOTER-006944,Bob Jones
VOTER-006945,Bob Jones
VOTER-006946,Diana Prince
VOTER-006947,Bob Jones
VOTER-006948,Alice Smith
VOTER-006949,Alice Smith
VOTER-006950,Bob Jones
VOTER-006951,Alice Smith
VOTER-006952,Bob Jones
VOTER-006953,Alice Smith
VOTER-006954,Diana Prince
VOTER-006955,Alice Smith
VOTER-006956,Alice Smith
VOTER-006957,Alice Smith
VOTER-006958,Alice Smith
VOTER-006959,Alice Smith
VOTER-006960,Alice Smith
VOTER-006961,Alice Smith
VOTER-006962,Alice Smith
VOTER-006963,Bob Jones
VOTER-006964,Charlie Brown
VOTER-006965,Diana Prince
VOTER-006966,Bob Jones
VOTER-006967,Alice Smith
VOTER-006968,Diana Prince
VOTER-006969,Alice Smith
VOTER-006970,Alice Smith
VOTER-006971,Charlie Brown
VOTER-006972,Alice Smith
VOTER-006973,Alice Smith
VOTER-006974,Alice Smith
VOTER-006975,Charlie Brown
VOTER-006976,Alice Smith
VOTER-006977,Diana Prince
VOTER-006978,Alice Smith
VOTER-006979,Bob Jones
VOTER-006980,Alice Smith
VOTER-006981,Bob Jones
VOTER-006982,Bob Jones
VOTER-006983,Bob Jones
VOTER-006984,Alice Smith
VOTER-006985,Alice Smith
VOTER-006986,Bob Jones
VOTER-006987,Alice Smith
VOTER-006988,Alice Smith
VOTER-006989,Bob Jones
VOTER-006990,Bob Jones
VOTER-006991,Bob Jones
VOTER-006992,Alice Smith
VOTER-006993,Charlie Brown
VOTER-006994,Bob Jones
VOTER-006995,Alice Smith
VOTER-006996,Diana Prince
VOTER-006997,Bob Jones
VOTER-006998,Charlie Brown
VOTER-006999,Bob Jones
VOTER-007000,Diana Prince
VOTER-007001,Bob Jones
VOTER-007002,Alice Smith
VOTER-007003,Bob Jones
VOTER-007004,Bob Jones
VOTER-007005,Alice Smith
VOTER-007006,Alice Smith
VOTER-007007,Alice Smith
VOTER-007008,Alice Smith
VOTER-007009,Alice Smith
VOTER-007010,Charlie Brown
VOTER-007011,Alice Smith
VOTER-007012,Alice Smith
VOTER-007013,Diana Prince
VOTER-007014,Bob Jones
VOTER-007015,Alice Smith
VOTER-007016,Charlie Brown
VOTER-007017,Bob Jones
VOTER-007018,Charlie Brown
VOTER-007019,Charlie Brown
VOTER-007020,Diana Prince
VOTER-007021,Bob Jones
VOTER-007022,Bob Jones
VOTER-007023,Bob Jones
VOTER-007024,Diana Prince
VOTER-007025,Diana Prince
VOTER-007026,Charlie Brown
VOTER-007027,Bob Jones
VOTER-007028,Alice Smith
VOTER-007029,Alice Smith
VOTER-007030,Charlie Brown
VOTER-007031,Diana Prince
VOTER-007032,Alice Smith
VOTER-007033,Alice Smith
VOTER-007034,Diana Prince
VOTER-007035,Charlie Brown
VOTER-007036,Bob Jones
VOTER-007037,Alice Smith
VOTER-007038,Bob Jones
VOTER-007039,Bob Jones
VOTER-007040,Charlie Brown
VOTER-007041,Bob Jones
VOTER-007042,Alice Smith
VOTER-007043,Diana Prince
VOTER-007044,Alice Smith
VOTER-007045,Bob Jones
VOTER-007046,Alice Smith
VOTER-007047,Alice Smith
VOTER-007048,Bob Jones
VOTER-007049,Bob Jones
VOTER-007050,Bob Jones
VOTER-007051,Bob Jones
VOTER-007052,Alice Smith
VOTER-007053,Bob Jones
VOTER-007054,Bob Jones
VOTER-007055,Alice Smith
VOTER-007056,Alice Smith
VOTER-007057,Bob Jones
VOTER-007058,Bob Jones
VOTER-007059,Charlie Brown
VOTER-007060,Alice Smith
VOTER-007061,Charlie Brown
VOTER-007062,Alice Smith
VOTER-007063,Alice Smith
VOTER-007064,Alice Smith
VOTER-007065,Charlie Brown
VOTER-007066,Bob Jones
VOTER-007067,Bob Jones
VOTER-007068,Bob Jones
VOTER-007069,Bob Jones
VOTER-007070,Charlie Brown
VOTER-007071,Alice Smith
VOTER-007072,Bob Jones
VOTER-007073,Bob Jones
VOTER-007074,Charlie Brown
VOTER-007075,Diana Prince
VOTER-007076,Alice Smith
VOTER-007077,Bob Jones
VOTER-007078,Bob Jones
VOTER-007079,Bob Jones
VOTER-007080,Bob Jones
VOTER-007081,Alice Smith
VOTER-007082,Bob Jones
VOTER-007083,Bob Jones
VOTER-007084,Bob Jones
VOTER-007085,Charlie Brown
VOTER-007086,Bob Jones
VOTER-007087,Bob Jones
VOTER-007088,Alice Smith
VOTER-007089,Alice Smith
VOTER-007090,Alice Smith
VOTER-007091,Bob Jones
VOTER-007092,Bob Jones
VOTER-007093,Charlie Brown
VOTER-007094,Alice Smith
VOTER-007095,Bob Jones
VOTER-007096,Alice Smith
VOTER-007097,Bob Jones
VOTER-007098,Alice Smith
VOTER-007099,Charlie Brown
VOTER-007100,Bob Jones
VOTER-007101,Charlie Brown
VOTER-007102,Alice Smith
VOTER-007103,Charlie Brown
VOTER-007104,Alice Smith
VOTER-007105,Charlie Brown
VOTER-007106,Bob Jones
VOTER-007107,Alice Smith
VOTER-007108,Charlie Brown
VOTER-007109,Alice Smith
VOTER-007110,Bob Jones
VOTER-007111,Charlie Brown
VOTER-007112,Alice Smith
VOTER-007113,Bob Jones
VOTER-007114,Bob Jones
VOTER-007115,Bob Jones
VOTER-007116,Bob Jones
VOTER-007117,Bob Jones
VOTER-007118,Alice Smith
VOTER-007119,Charlie Brown
VOTER-007120,Alice Smith
VOTER-007121,Charlie Brown
VOTER-007122,Bob Jones
VOTER-007123,Bob Jones
VOTER-007124,Alice Smith
VOTER-007125,Alice Smith
VOTER-007126,Alice Smith
VOTER-007127,Charlie Brown
VOTER-007128,Alice Smith
VOTER-007129,Bob Jones
VOTER-007130,Charlie Brown
VOTER-007131,Charlie Brown
VOTER-007132,Bob Jones
VOTER-007133,Charlie Brown
VOTER-007134,Diana Prince
VOTER-007135,Diana Prince
VOTER-007136,Alice Smith
VOTER-007137,Charlie Brown
VOTER-007138,Alice Smith
VOTER-007139,Alice Smith
VOTER-007140,Alice Smith
VOTER-007141,Alice Smith
VOTER-007142,Alice Smith
VOTER-007143,Charlie Brown
VOTER-007144,Bob Jones
VOTER-007145,Bob Jones
VOTER-007146,Bob Jones
VOTER-007147,Alice Smith
VOTER-007148,Bob Jones
VOTER-007149,Alice Smith
VOTER-007150,Bob Jones
VOTER-007151,Charlie Brown
VOTER-007152,Bob Jones
VOTER-007153,Charlie Brown
VOTER-007154,Bob Jones
VOTER-007155,Diana Prince
VOTER-007156,Charlie Brown
VOTER-007157,Diana Prince
VOTER-007158,Charlie Brown
VOTER-007159,Alice Smith
VOTER-007160,Bob Jones
VOTER-007161,Bob Jones
VOTER-007162,Bob Jones
VOTER-007163,Alice Smith
VOTER-007164,Alice Smith
VOTER-007165,Alice Smith
VOTER-007166,Bob Jones
VOTER-007167,Bob Jones
VOTER-007168,Diana Prince
VOTER-007169,Bob Jones
VOTER-007170,Bob Jones
VOTER-007171,Bob Jones
VOTER-007172,Alice Smith
VOTER-007173,Alice Smith
VOTER-007174,Alice Smith
VOTER-007175,Alice Smith
VOTER-007176,Bob Jones
VOTER-007177,Alice Smith
VOTER-007178,Alice Smith
VOTER-007179,Bob Jones
VOTER-007180,Bob Jones
VOTER-007181,Bob Jones
VOTER-007182,Alice Smith
VOTER-007183,Bob Jones
VOTER-007184,Diana Prince
VOTER-007185,Bob Jones
VOTER-007186,Bob Jones
VOTER-007187,Diana Prince
VOTER-007188,Alice Smith
VOTER-007189,Alice Smith
VOTER-007190,Bob Jones
VOTER-007191,Alice Smith
VOTER-007192,Charlie Brown
VOTER-007193,Alice Smith
VOTER-007194,Alice Smith
VOTER-007195,Charlie Brown
VOTER-007196,Bob Jones
VOTER-007197,Alice Smith
VOTER-007198,Bob Jones
VOTER-007199,Bob Jones
VOTER-007200,Bob Jones
VOTER-007201,Bob Jones
VOTER-007202,Alice Smith
VOTER-007203,Charlie Brown
VOTER-007204,Bob Jones
VOTER-007205,Alice Smith
VOTER-007206,Alice Smith
VOTER-007207,Charlie Brown
VOTER-007208,Diana Prince
VOTER-007209,Alice Smith
VOTER-007210,Bob Jones
VOTER-007211,Bob Jones
VOTER-007212,Alice Smith
VOTER-007213,Bob Jones
VOTER-007214,Charlie Brown
VOTER-007215,Bob Jones
VOTER-007216,Bob Jones
VOTER-007217,Bob Jones
VOTER-007218,Alice Smith
VOTER-007219,Alice Smith
VOTER-007220,Charlie Brown
VOTER-007221,Diana Prince
VOTER-007222,Bob Jones
VOTER-007223,Charlie Brown
VOTER-007224,Diana Prince
VOTER-007225,Diana Prince
VOTER-007226,Bob Jones
VOTER-007227,Alice Smith
VOTER-007228,Charlie Brown
VOTER-007229,Bob Jones
VOTER-007230,Alice Smith
VOTER-007231,Alice Smith
VOTER-007232,Charlie Brown
VOTER-007233,Alice Smith
VOTER-007234,Charlie Brown
VOTER-007235,Bob Jones
VOTER-007236,Bob Jones
VOTER-007237,Alice Smith
VOTER-007238,Diana Prince
VOTER-007239,Bob Jones
VOTER-007240,Alice Smith
VOTER-007241,Alice Smith
VOTER-007242,Alice Smith
VOTER-007243,Charlie Brown
VOTER-007244,Bob Jones
VOTER-007245,Charlie Brown
VOTER-007246,Alice Smith
VOTER-007247,Charlie Brown
VOTER-007248,Alice Smith
VOTER-007249,Alice Smith
VOTER-007250,Charlie Brown
VOTER-007251,Bob Jones
VOTER-007252,Bob Jones
VOTER-007253,Alice Smith
VOTER-007254,Alice Smith
VOTER-007255,Diana Prince
VOTER-007256,Alice Smith
VOTER-007257,Alice Smith
VOTER-007258,Alice Smith
VOTER-007259,Charlie Brown
VOTER-007260,Charlie Brown
VOTER-007261,Bob Jones
VOTER-007262,Diana Prince
VOTER-007263,Alice Smith
VOTER-007264,Alice Smith
VOTER-007265,Alice Smith
VOTER-007266,Diana Prince
VOTER-007267,Bob Jones
VOTER-007268,Alice Smith
VOTER-007269,Alice Smith
VOTER-007270,Charlie Brown
VOTER-007271,Alice Smith
VOTER-007272,Alice Smith
VOTER-007273,Alice Smith
VOTER-007274,Alice Smith
VOTER-007275,Alice Smith
VOTER-007276,Bob Jones
VOTER-007277,Diana Prince
VOTER-007278,Charlie Brown
VOTER-007279,Charlie Brown
VOTER-007280,Bob Jones
VOTER-007281,Alice Smith
VOTER-007282,Diana Prince
VOTER-007283,Alice Smith
VOTER-007284,Bob Jones
VOTER-007285,Alice Smith
VOTER-007286,Bob Jones
VOTER-007287,Bob Jones
VOTER-007288,Bob Jones
VOTER-007289,Bob Jones
VOTER-007290,Alice Smith
VOTER-007291,Bob Jones
VOTER-007292,Bob Jones
VOTER-007293,Alice Smith
VOTER-007294,Bob Jones
VOTER-007295,Bob Jones
VOTER-007296,Bob Jones
VOTER-007297,Alice Smith
VOTER-007298,Bob Jones
VOTER-007299,Alice Smith
VOTER-007300,Charlie Brown
VOTER-007301,Alice Smith
VOTER-007302,Bob Jones
VOTER-007303,Diana Prince
VOTER-007304,Alice Smith
VOTER-007305,Bob Jones
VOTER-007306,Bob Jones
VOTER-007307,Alice Smith
VOTER-007308,Alice Smith
VOTER-007309,Charlie Brown
VOTER-007310,Bob Jones
VOTER-007311,Bob Jones
VOTER-007312,Charlie Brown
VOTER-007313,Alice Smith
VOTER-007314,Bob Jones
VOTER-007315,Bob Jones
VOTER-007316,Diana Prince
VOTER-007317,Alice Smith
VOTER-007318,Bob Jones
VOTER-007319,Bob Jones
VOTER-007320,Alice Smith
VOTER-007321,Bob Jones
VOTER-007322,Charlie Brown
VOTER-007323,Charlie Brown
VOTER-007324,Bob Jones
VOTER-007325,Bob Jones
VOTER-007326,Diana Prince
VOTER-007327,Charlie Brown
VOTER-007328,Charlie Brown
VOTER-007329,Charlie Brown
VOTER-007330,Alice Smith
VOTER-007331,Bob Jones
VOTER-007332,Diana Prince
VOTER-007333,Bob Jones
VOTER-007334,Alice Smith
VOTER-007335,Alice Smith
VOTER-007336,Bob Jones
VOTER-007337,Charlie Brown
VOTER-007338,Bob Jones
VOTER-007339,Alice Smith
VOTER-007340,Alice Smith
VOTER-007341,Alice Smith
VOTER-007342,Charlie Brown
VOTER-007343,Diana Prince
VOTER-007344,Bob Jones
VOTER-007345,Bob Jones
VOTER-007346,Alice Smith
VOTER-007347,Bob Jones
VOTER-007348,Charlie Brown
VOTER-007349,Bob Jones
VOTER-007350,Diana Prince
VOTER-007351,Alice Smith
VOTER-007352,Bob Jones
VOTER-007353,Bob Jones
VOTER-007354,Charlie Brown
VOTER-007355,Diana Prince
VOTER-007356,Bob Jones
VOTER-007357,Bob Jones
VOTER-007358,Bob Jones
VOTER-007359,Alice Smith
VOTER-007360,Alice Smith
VOTER-007361,Charlie Brown
VOTER-007362,Bob Jones
VOTER-007363,Bob Jones
VOTER-007364,Bob Jones
VOTER-007365,Alice Smith
VOTER-007366,Alice Smith
VOTER-007367,Alice Smith
VOTER-007368,Alice Smith
VOTER-007369,Charlie Brown
VOTER-007370,Charlie Brown
VOTER-007371,Alice Smith
VOTER-007372,Bob Jones
VOTER-007373,Charlie Brown
VOTER-007374,Bob Jones
VOTER-007375,Diana Prince
VOTER-007376,Charlie Brown
VOTER-007377,Alice Smith
VOTER-007378,Charlie Brown
VOTER-007379,Bob Jones
VOTER-007380,Alice Smith
VOTER-007381,Charlie Brown
VOTER-007382,Alice Smith
VOTER-007383,Bob Jones
VOTER-007384,Charlie Brown
VOTER-007385,Charlie Brown
VOTER-007386,Bob Jones
VOTER-007387,Bob Jones
VOTER-007388,Bob Jones
VOTER-007389,Diana Prince
VOTER-007390,Diana Prince
VOTER-007391,Bob Jones
VOTER-007392,Alice Smith
VOTER-007393,Alice Smith
VOTER-007394,Bob Jones
VOTER-007395,Bob Jones
VOTER-007396,Charlie Brown
VOTER-007397,Diana Prince
VOTER-007398,Diana Prince
VOTER-007399,Bob Jones
VOTER-007400,Diana Prince
VOTER-007401,Bob Jones
VOTER-007402,Charlie Brown
VOTER-007403,Alice Smith
VOTER-007404,Alice Smith
VOTER-007405,Diana Prince
VOTER-007406,Alice Smith
VOTER-007407,Alice Smith
VOTER-007408,Bob Jones
VOTER-007409,Bob Jones
VOTER-007410,Diana Prince
VOTER-007411,Alice Smith
VOTER-007412,Charlie Brown
VOTER-007413,Alice Smith
VOTER-007414,Alice Smith
VOTER-007415,Bob Jones
VOTER-007416,Alice Smith
VOTER-007417,Bob Jones
VOTER-007418,Alice Smith
VOTER-007419,Alice Smith
VOTER-007420,Alice Smith
VOTER-007421,Diana Prince
VOTER-007422,Alice Smith
VOTER-007423,Alice Smith
VOTER-007424,Bob Jones
VOTER-007425,Alice Smith
VOTER-007426,Charlie Brown
VOTER-007427,Charlie Brown
VOTER-007428,Alice Smith
VOTER-007429,Alice Smith
VOTER-007430,Alice Smith
VOTER-007431,Alice Smith
VOTER-007432,Diana Prince
VOTER-007433,Alice Smith
VOTER-007434,Alice Smith
VOTER-007435,Bob Jones
VOTER-007436,Alice Smith
VOTER-007437,Alice Smith
VOTER-007438,Alice Smith
VOTER-007439,Bob Jones
VOTER-007440,Diana Prince
VOTER-007441,Bob Jones
VOTER-007442,Bob Jones
VOTER-007443,Bob Jones
VOTER-007444,Alice Smith
VOTER-007445,Charlie Brown
VOTER-007446,Bob Jones
VOTER-007447,Charlie Brown
VOTER-007448,Charlie Brown
VOTER-007449,Bob Jones
VOTER-007450,Charlie Brown
VOTER-007451,Diana Prince
VOTER-007452,Charlie Brown
VOTER-007453,Bob Jones
VOTER-007454,Alice Smith
VOTER-007455,Charlie Brown
VOTER-007456,Bob Jones
VOTER-007457,Alice Smith
VOTER-007458,Alice Smith
VOTER-007459,Charlie Brown
VOTER-007460,Alice Smith
VOTER-007461,Bob Jones
VOTER-007462,Diana Prince
VOTER-007463,Alice Smith
VOTER-007464,Alice Smith
VOTER-007465,Bob Jones
VOTER-007466,Alice Smith
VOTER-007467,Bob Jones
VOTER-007468,Bob Jones
VOTER-007469,Diana Prince
VOTER-007470,Bob Jones
VOTER-007471,Charlie Brown
VOTER-007472,Bob Jones
VOTER-007473,Diana Prince
VOTER-007474,Alice Smith
VOTER-007475,Alice Smith
VOTER-007476,Alice Smith
VOTER-007477,Alice Smith
VOTER-007478,Diana Prince
VOTER-007479,Charlie Brown
VOTER-007480,Charlie Brown
VOTER-007481,Bob Jones
VOTER-007482,Bob Jones
VOTER-007483,Alice Smith
VOTER-007484,Alice Smith
VOTER-007485,Alice Smith
VOTER-007486,Bob Jones
VOTER-007487,Alice Smith
VOTER-007488,Alice Smith
VOTER-007489,Bob Jones
VOTER-007490,Alice Smith
VOTER-007491,Bob Jones
VOTER-007492,Bob Jones
VOTER-007493,Charlie Brown
VOTER-007494,Bob Jones
VOTER-007495,Alice Smith
VOTER-007496,Bob Jones
VOTER-007497,Bob Jones
VOTER-007498,Alice Smith
VOTER-007499,Diana Prince
VOTER-007500,Alice Smith
VOTER-007501,Charlie Brown
VOTER-007502,Alice Smith
VOTER-007503,Diana Prince
VOTER-007504,Alice Smith
VOTER-007505,Charlie Brown
VOTER-007506,Charlie Brown
VOTER-007507,Alice Smith
VOTER-007508,Alice Smith
VOTER-007509,Alice Smith
VOTER-007510,Charlie Brown
VOTER-007511,Bob Jones
VOTER-007512,Bob Jones
VOTER-007513,Charlie Brown
VOTER-007514,Bob Jones
VOTER-007515,Bob Jones
VOTER-007516,Alice Smith
VOTER-007517,Alice Smith
VOTER-007518,Alice Smith
VOTER-007519,Charlie Brown
VOTER-007520,Alice Smith
VOTER-007521,Alice Smith
VOTER-007522,Diana Prince
VOTER-007523,Alice Smith
VOTER-007524,Bob Jones
VOTER-007525,Alice Smith
VOTER-007526,Alice Smith
VOTER-007527,Alice Smith
VOTER-007528,Charlie Brown
VOTER-007529,Bob Jones
VOTER-007530,Bob Jones
VOTER-007531,Bob Jones
VOTER-007532,Alice Smith
VOTER-007533,Bob Jones
VOTER-007534,Charlie Brown
VOTER-007535,Bob Jones
VOTER-007536,Bob Jones
VOTER-007537,Diana Prince
VOTER-007538,Alice Smith
VOTER-007539,Bob Jones
VOTER-007540,Diana Prince
VOTER-007541,Alice Smith
VOTER-007542,Charlie Brown
VOTER-007543,Bob Jones
VOTER-007544,Alice Smith
VOTER-007545,Charlie Brown
VOTER-007546,Alice Smith
VOTER-007547,Bob Jones
VOTER-007548,Bob Jones
VOTER-007549,Alice Smith
VOTER-007550,Diana Prince
VOTER-007551,Bob Jones
VOTER-007552,Diana Prince
VOTER-007553,Alice Smith
VOTER-007554,Bob Jones
VOTER-007555,Bob Jones
VOTER-007556,Alice Smith
VOTER-007557,Bob Jones
VOTER-007558,Alice Smith
VOTER-007559,Diana Prince
VOTER-007560,Bob Jones
VOTER-007561,Diana Prince
VOTER-007562,Bob Jones
VOTER-007563,Bob Jones
VOTER-007564,Alice Smith
VOTER-007565,Bob Jones
VOTER-007566,Charlie Brown
VOTER-007567,Bob Jones
VOTER-007568,Charlie Brown
VOTER-007569,Bob Jones
VOTER-007570,Alice Smith
VOTER-007571,Alice Smith
VOTER-007572,Charlie Brown
VOTER-007573,Bob Jones
VOTER-007574,Bob Jones
VOTER-007575,Alice Smith
VOTER-007576,Bob Jones
VOTER-007577,Alice Smith
VOTER-007578,Charlie Brown
VOTER-007579,Bob Jones
VOTER-007580,Alice Smith
VOTER-007581,Bob Jones
VOTER-007582,Alice Smith
VOTER-007583,Bob Jones
VOTER-007584,Alice Smith
VOTER-007585,Alice Smith
VOTER-007586,Bob Jones
VOTER-007587,Charlie Brown
VOTER-007588,Bob Jones
VOTER-007589,Diana Prince
VOTER-007590,Bob Jones
VOTER-007591,Alice Smith
VOTER-007592,Bob Jones
VOTER-007593,Alice Smith
VOTER-007594,Alice Smith
VOTER-007595,Alice Smith
VOTER-007596,Charlie Brown
VOTER-007597,Diana Prince
VOTER-007598,Alice Smith
VOTER-007599,Diana Prince
VOTER-007600,Alice Smith
VOTER-007601,Diana Prince
VOTER-007602,Bob Jones
VOTER-007603,Bob Jones
VOTER-007604,Alice Smith
VOTER-007605,Bob Jones
VOTER-007606,Alice Smith
VOTER-007607,Alice Smith
VOTER-007608,Charlie Brown
VOTER-007609,Alice Smith
VOTER-007610,Alice Smith
VOTER-007611,Bob Jones
VOTER-007612,Bob Jones
VOTER-007613,Bob Jones
VOTER-007614,Bob Jones
VOTER-007615,Charlie Brown
VOTER-007616,Alice Smith
VOTER-007617,Bob Jones
VOTER-007618,Charlie Brown
VOTER-007619,Bob Jones
VOTER-007620,Bob Jones
VOTER-007621,Alice Smith
VOTER-007622,Bob Jones
VOTER-007623,Diana Prince
VOTER-007624,Alice Smith
VOTER-007625,Bob Jones
VOTER-007626,Alice Smith
VOTER-007627,Bob Jones
VOTER-007628,Diana Prince
VOTER-007629,Diana Prince
VOTER-007630,Charlie Brown
VOTER-007631,Bob Jones
VOTER-007632,Charlie Brown
VOTER-007633,Bob Jones
VOTER-007634,Alice Smith
VOTER-007635,Bob Jones
VOTER-007636,Bob Jones
VOTER-007637,Bob Jones
VOTER-007638,Alice Smith
VOTER-007639,Charlie Brown
VOTER-007640,Alice Smith
VOTER-007641,Bob Jones
VOTER-007642,Alice Smith
VOTER-007643,Bob Jones
VOTER-007644,Bob Jones
VOTER-007645,Alice Smith
VOTER-007646,Diana Prince
VOTER-007647,Charlie Brown
VOTER-007648,Alice Smith
VOTER-007649,Alice Smith
VOTER-007650,Alice Smith
VOTER-007651,Diana Prince
VOTER-007652,Charlie Brown
VOTER-007653,Alice Smith
VOTER-007654,Bob Jones
VOTER-007655,Alice Smith
VOTER-007656,Alice Smith
VOTER-007657,Alice Smith
VOTER-007658,Alice Smith
VOTER-007659,Alice Smith
VOTER-007660,Diana Prince
VOTER-007661,Bob Jones
VOTER-007662,Diana Prince
VOTER-007663,Alice Smith
VOTER-007664,Bob Jones
VOTER-007665,Charlie Brown
VOTER-007666,Charlie Brown
VOTER-007667,Bob Jones
VOTER-007668,Bob Jones
VOTER-007669,Bob Jones
VOTER-007670,Charlie Brown
VOTER-007671,Alice Smith
VOTER-007672,Bob Jones
VOTER-007673,Bob Jones
VOTER-007674,Bob Jones
VOTER-007675,Bob Jones
VOTER-007676,Alice Smith
VOTER-007677,Bob Jones
VOTER-007678,Bob Jones
VOTER-007679,Bob Jones
VOTER-007680,Alice Smith
VOTER-007681,Bob Jones
VOTER-007682,Bob Jones
VOTER-007683,Bob Jones
VOTER-007684,Alice Smith
VOTER-007685,Charlie Brown
VOTER-007686,Bob Jones
VOTER-007687,Diana Prince
VOTER-007688,Alice Smith
VOTER-007689,Bob Jones
VOTER-007690,Alice Smith
VOTER-007691,Alice Smith
VOTER-007692,Bob Jones
VOTER-007693,Bob Jones
VOTER-007694,Diana Prince
VOTER-007695,Bob Jones
VOTER-007696,Bob Jones
VOTER-007697,Charlie Brown
VOTER-007698,Bob Jones
VOTER-007699,Diana Prince
VOTER-007700,Alice Smith
VOTER-007701,Charlie Brown
VOTER-007702,Alice Smith
VOTER-007703,Alice Smith
VOTER-007704,Alice Smith
VOTER-007705,Bob Jones
VOTER-007706,Charlie Brown
VOTER-007707,Bob Jones
VOTER-007708,Bob Jones
VOTER-007709,Bob Jones
VOTER-007710,Alice Smith
VOTER-007711,Alice Smith
VOTER-007712,Alice Smith
VOTER-007713,Diana Prince
VOTER-007714,Alice Smith
VOTER-007715,Bob Jones
VOTER-007716,Alice Smith
VOTER-007717,Charlie Brown
VOTER-007718,Charlie Brown
VOTER-007719,Alice Smith
VOTER-007720,Charlie Brown
VOTER-007721,Alice Smith
VOTER-007722,Bob Jones
VOTER-007723,Alice Smith
VOTER-007724,Alice Smith
VOTER-007725,Bob Jones
VOTER-007726,Alice Smith
VOTER-007727,Diana Prince
VOTER-007728,Alice Smith
VOTER-007729,Alice Smith
VOTER-007730,Diana Prince
VOTER-007731,Alice Smith
VOTER-007732,Diana Prince
VOTER-007733,Alice Smith
VOTER-007734,Alice Smith
VOTER-007735,Bob Jones
VOTER-007736,Bob Jones
VOTER-007737,Charlie Brown
VOTER-007738,Alice Smith
VOTER-007739,Charlie Brown
VOTER-007740,Bob Jones
VOTER-007741,Bob Jones
VOTER-007742,Charlie Brown
VOTER-007743,Diana Prince
VOTER-007744,Bob Jones
VOTER-007745,Alice Smith
VOTER-007746,Alice Smith
VOTER-007747,Charlie Brown
VOTER-007748,Bob Jones
VOTER-007749,Bob Jones
VOTER-007750,Bob Jones
VOTER-007751,Alice Smith
VOTER-007752,Bob Jones
VOTER-007753,Diana Prince
VOTER-007754,Alice Smith
VOTER-007755,Alice Smith
VOTER-007756,Charlie Brown
VOTER-007757,Bob Jones
VOTER-007758,Diana Prince
VOTER-007759,Diana Prince
VOTER-007760,Alice Smith
VOTER-007761,Alice Smith
VOTER-007762,Bob Jones
VOTER-007763,Alice Smith
VOTER-007764,Bob Jones
VOTER-007765,Alice Smith
VOTER-007766,Charlie Brown
VOTER-007767,Alice Smith
VOTER-007768,Alice Smith
VOTER-007769,Bob Jones
VOTER-007770,Charlie Brown
VOTER-007771,Charlie Brown
VOTER-007772,Bob Jones
VOTER-007773,Alice Smith
VOTER-007774,Alice Smith
VOTER-007775,Bob Jones
VOTER-007776,Charlie Brown
VOTER-007777,Alice Smith
VOTER-007778,Bob Jones
VOTER-007779,Alice Smith
VOTER-007780,Alice Smith
VOTER-007781,Alice Smith
VOTER-007782,Charlie Brown
VOTER-007783,Alice Smith
VOTER-007784,Bob Jones
VOTER-007785,Diana Prince
VOTER-007786,Bob Jones
VOTER-007787,Alice Smith
VOTER-007788,Alice Smith
VOTER-007789,Bob Jones
VOTER-007790,Bob Jones
VOTER-007791,Bob Jones
VOTER-007792,Alice Smith
VOTER-007793,Bob Jones
VOTER-007794,Bob Jones
VOTER-007795,Alice Smith
VOTER-007796,Bob Jones
VOTER-007797,Bob Jones
VOTER-007798,Alice Smith
VOTER-007799,Bob Jones
VOTER-007800,Bob Jones
VOTER-007801,Bob Jones
VOTER-007802,Bob Jones
VOTER-007803,Alice Smith
VOTER-007804,Bob Jones
VOTER-007805,Bob Jones
VOTER-007806,Bob Jones
VOTER-007807,Alice Smith
VOTER-007808,Charlie Brown
VOTER-007809,Bob Jones
VOTER-007810,Bob Jones
VOTER-007811,Bob Jones
VOTER-007812,Alice Smith
VOTER-007813,Bob Jones
VOTER-007814,Bob Jones
VOTER-007815,Alice Smith
VOTER-007816,Alice Smith
VOTER-007817,Charlie Brown
VOTER-007818,Charlie Brown
VOTER-007819,Alice Smith
VOTER-007820,Bob Jones
VOTER-007821,Charlie Brown
VOTER-007822,Bob Jones
VOTER-007823,Bob Jones
VOTER-007824,Bob Jones
VOTER-007825,Alice Smith
VOTER-007826,Alice Smith
VOTER-007827,Bob Jones
VOTER-007828,Charlie Brown
VOTER-007829,Alice Smith
VOTER-007830,Charlie Brown
VOTER-007831,Diana Prince
VOTER-007832,Bob Jones
VOTER-007833,Bob Jones
VOTER-007834,Alice Smith
VOTER-007835,Bob Jones
VOTER-007836,Alice Smith
VOTER-007837,Bob Jones
VOTER-007838,Alice Smith
VOTER-007839,Bob Jones
VOTER-007840,Diana Prince
VOTER-007841,Bob Jones
VOTER-007842,Charlie Brown
VOTER-007843,Diana Prince
VOTER-007844,Alice Smith
VOTER-007845,Charlie Brown
VOTER-007846,Alice Smith
VOTER-007847,Bob Jones
VOTER-007848,Bob Jones
VOTER-007849,Bob Jones
VOTER-007850,Alice Smith
VOTER-007851,Bob Jones
VOTER-007852,Alice Smith
VOTER-007853,Alice Smith
VOTER-007854,Alice Smith
VOTER-007855,Alice Smith
VOTER-007856,Bob Jones
VOTER-007857,Bob Jones
VOTER-007858,Alice Smith
VOTER-007859,Alice Smith
VOTER-007860,Bob Jones
VOTER-007861,Charlie Brown
VOTER-007862,Bob Jones
VOTER-007863,Alice Smith
VOTER-007864,Bob Jones
VOTER-007865,Bob Jones
VOTER-007866,Charlie Brown
VOTER-007867,Bob Jones
VOTER-007868,Alice Smith
VOTER-007869,Alice Smith
VOTER-007870,Diana Prince
VOTER-007871,Alice Smith
VOTER-007872,Alice Smith
VOTER-007873,Charlie Brown
VOTER-007874,Bob Jones
VOTER-007875,Bob Jones
VOTER-007876,Bob Jones
VOTER-007877,Charlie Brown
VOTER-007878,Bob Jones
VOTER-007879,Alice Smith
VOTER-007880,Diana Prince
VOTER-007881,Bob Jones
VOTER-007882,Charlie Brown
VOTER-007883,Bob Jones
VOTER-007884,Bob Jones
VOTER-007885,Bob Jones
VOTER-007886,Bob Jones
VOTER-007887,Alice Smith
VOTER-007888,Diana Prince
VOTER-007889,Bob Jones
VOTER-007890,Alice Smith
VOTER-007891,Diana Prince
VOTER-007892,Alice Smith
VOTER-007893,Bob Jones
VOTER-007894,Alice Smith
VOTER-007895,Charlie Brown
VOTER-007896,Bob Jones
VOTER-007897,Bob Jones
VOTER-007898,Bob Jones
VOTER-007899,Bob Jones
VOTER-007900,Alice Smith
VOTER-007901,Alice Smith
VOTER-007902,Alice Smith
VOTER-007903,Alice Smith
VOTER-007904,Diana Prince
VOTER-007905,Diana Prince
VOTER-007906,Alice Smith
VOTER-007907,Alice Smith
VOTER-007908,Alice Smith
VOTER-007909,Charlie Brown
VOTER-007910,Bob Jones
VOTER-007911,Bob Jones
VOTER-007912,Bob Jones
VOTER-007913,Bob Jones
VOTER-007914,Charlie Brown
VOTER-007915,Charlie Brown
VOTER-007916,Alice Smith
VOTER-007917,Alice Smith
VOTER-007918,Bob Jones
VOTER-007919,Bob Jones
VOTER-007920,Alice Smith
VOTER-007921,Alice Smith
VOTER-007922,Alice Smith
VOTER-007923,Diana Prince
VOTER-007924,Bob Jones
VOTER-007925,Alice Smith
VOTER-007926,Diana Prince
VOTER-007927,Bob Jones
VOTER-007928,Alice Smith
VOTER-007929,Alice Smith
VOTER-007930,Bob Jones
VOTER-007931,Alice Smith
VOTER-007932,Bob Jones
VOTER-007933,Bob Jones
VOTER-007934,Bob Jones
VOTER-007935,Bob Jones
VOTER-007936,Bob Jones
VOTER-007937,Bob Jones
VOTER-007938,Alice Smith
VOTER-007939,Diana Prince
VOTER-007940,Bob Jones
VOTER-007941,Bob Jones
VOTER-007942,Charlie Brown
VOTER-007943,Alice Smith
VOTER-007944,Bob Jones
VOTER-007945,Bob Jones
VOTER-007946,Alice Smith
VOTER-007947,Bob Jones
VOTER-007948,Alice Smith
VOTER-007949,Alice Smith
VOTER-007950,Alice Smith
VOTER-007951,Charlie Brown
VOTER-007952,Alice Smith
VOTER-007953,Bob Jones
VOTER-007954,Charlie Brown
VOTER-007955,Bob Jones
VOTER-007956,Bob Jones
VOTER-007957,Alice Smith
VOTER-007958,Alice Smith
VOTER-007959,Alice Smith
VOTER-007960,Bob Jones
VOTER-007961,Alice Smith
VOTER-007962,Bob Jones
VOTER-007963,Alice Smith
VOTER-007964,Bob Jones
VOTER-007965,Charlie Brown
VOTER-007966,Charlie Brown
VOTER-007967,Charlie Brown
VOTER-007968,Bob Jones
VOTER-007969,Alice Smith
VOTER-007970,Alice Smith
VOTER-007971,Bob Jones
VOTER-007972,Alice Smith
VOTER-007973,Alice Smith
VOTER-007974,Charlie Brown
VOTER-007975,Alice Smith
VOTER-007976,Alice Smith
VOTER-007977,Charlie Brown
VOTER-007978,Diana Prince
VOTER-007979,Charlie Brown
VOTER-007980,Bob Jones
VOTER-007981,Bob Jones
VOTER-007982,Alice Smith
VOTER-007983,Bob Jones
VOTER-007984,Alice Smith
VOTER-007985,Bob Jones
VOTER-007986,Bob Jones
VOTER-007987,Diana Prince
VOTER-007988,Charlie Brown
VOTER-007989,Alice Smith
VOTER-007990,Bob Jones
VOTER-007991,Charlie Brown
VOTER-007992,Bob Jones
VOTER-007993,Charlie Brown
VOTER-007994,Charlie Brown
VOTER-007995,Bob Jones
VOTER-007996,Diana Prince
VOTER-007997,Diana Prince
VOTER-007998,Bob Jones
VOTER-007999,Charlie Brown
VOTER-008000,Alice Smith
VOTER-008001,Charlie Brown
VOTER-008002,Alice Smith
VOTER-008003,Alice Smith
VOTER-008004,Charlie Brown
VOTER-008005,Diana Prince
VOTER-008006,Diana Prince
VOTER-008007,Alice Smith
VOTER-008008,Bob Jones
VOTER-008009,Alice Smith
VOTER-008010,Charlie Brown
VOTER-008011,Bob Jones
VOTER-008012,Alice Smith
VOTER-008013,Bob Jones
VOTER-008014,Alice Smith
VOTER-008015,Alice Smith
VOTER-008016,Bob Jones
VOTER-008017,Alice Smith
VOTER-008018,Alice Smith
VOTER-008019,Bob Jones
VOTER-008020,Bob Jones
VOTER-008021,Bob Jones
VOTER-008022,Charlie Brown
VOTER-008023,Diana Prince
VOTER-008024,Alice Smith
VOTER-008025,Bob Jones
VOTER-008026,Alice Smith
VOTER-008027,Bob Jones
VOTER-008028,Charlie Brown
VOTER-008029,Alice Smith
VOTER-008030,Bob Jones
VOTER-008031,Alice Smith
VOTER-008032,Charlie Brown
VOTER-008033,Bob Jones
VOTER-008034,Alice Smith
VOTER-008035,Diana Prince
VOTER-008036,Diana Prince
VOTER-008037,Diana Prince
VOTER-008038,Bob Jones
VOTER-008039,Bob Jones
VOTER-008040,Alice Smith
VOTER-008041,Bob Jones
VOTER-008042,Alice Smith
VOTER-008043,Bob Jones
VOTER-008044,Bob Jones
VOTER-008045,Charlie Brown
VOTER-008046,Bob Jones
VOTER-008047,Bob Jones
VOTER-008048,Bob Jones
VOTER-008049,Alice Smith
VOTER-008050,Bob Jones
VOTER-008051,Bob Jones
VOTER-008052,Bob Jones
VOTER-008053,Alice Smith
VOTER-008054,Charlie Brown
VOTER-008055,Diana Prince
VOTER-008056,Diana Prince
VOTER-008057,Diana Prince
VOTER-008058,Diana Prince
VOTER-008059,Bob Jones
VOTER-008060,Alice Smith
VOTER-008061,Alice Smith
VOTER-008062,Bob Jones
VOTER-008063,Charlie Brown
VOTER-008064,Alice Smith
VOTER-008065,Diana Prince
VOTER-008066,Bob Jones
VOTER-008067,Diana Prince
VOTER-008068,Diana Prince
VOTER-008069,Alice Smith
VOTER-008070,Alice Smith
VOTER-008071,Bob Jones
VOTER-008072,Alice Smith
VOTER-008073,Bob Jones
VOTER-008074,Alice Smith
VOTER-008075,Charlie Brown
VOTER-008076,Charlie Brown
VOTER-008077,Alice Smith
VOTER-008078,Diana Prince
VOTER-008079,Charlie Brown
VOTER-008080,Alice Smith
VOTER-008081,Bob Jones
VOTER-008082,Charlie Brown
VOTER-008083,Bob Jones
VOTER-008084,Alice Smith
VOTER-008085,Charlie Brown
VOTER-008086,Alice Smith
VOTER-008087,Bob Jones
VOTER-008088,Alice Smith
VOTER-008089,Charlie Brown
VOTER-008090,Bob Jones
VOTER-008091,Alice Smith
VOTER-008092,Alice Smith
VOTER-008093,Charlie Brown
VOTER-008094,Diana Prince
VOTER-008095,Charlie Brown
VOTER-008096,Bob Jones
VOTER-008097,Bob Jones
VOTER-008098,Alice Smith
VOTER-008099,Alice Smith
VOTER-008100,Diana Prince
VOTER-008101,Charlie Brown
VOTER-008102,Alice Smith
VOTER-008103,Alice Smith
VOTER-008104,Alice Smith
VOTER-008105,Alice Smith
VOTER-008106,Charlie Brown
VOTER-008107,Alice Smith
VOTER-008108,Alice Smith
VOTER-008109,Bob Jones
VOTER-008110,Bob Jones
VOTER-008111,Charlie Brown
VOTER-008112,Diana Prince
VOTER-008113,Charlie Brown
VOTER-008114,Alice Smith
VOTER-008115,Alice Smith
VOTER-008116,Alice Smith
VOTER-008117,Charlie Brown
VOTER-008118,Bob Jones
VOTER-008119,Charlie Brown
VOTER-008120,Bob Jones
VOTER-008121,Charlie Brown
VOTER-008122,Bob Jones
VOTER-008123,Alice Smith
VOTER-008124,Alice Smith
VOTER-008125,Alice Smith
VOTER-008126,Diana Prince
VOTER-008127,Bob Jones
VOTER-008128,Alice Smith
VOTER-008129,Diana Prince
VOTER-008130,Alice Smith
VOTER-008131,Bob Jones
VOTER-008132,Bob Jones
VOTER-008133,Alice Smith
VOTER-008134,Alice Smith
VOTER-008135,Diana Prince
VOTER-008136,Alice Smith
VOTER-008137,Alice Smith
VOTER-008138,Charlie Brown
VOTER-008139,Diana Prince
VOTER-008140,Bob Jones
VOTER-008141,Alice Smith
VOTER-008142,Bob Jones
VOTER-008143,Bob Jones
VOTER-008144,Alice Smith
VOTER-008145,Bob Jones
VOTER-008146,Charlie Brown
VOTER-008147,Bob Jones
VOTER-008148,Bob Jones
VOTER-008149,Charlie Brown
VOTER-008150,Bob Jones
VOTER-008151,Alice Smith
VOTER-008152,Alice Smith
VOTER-008153,Bob Jones
VOTER-008154,Alice Smith
VOTER-008155,Bob Jones
VOTER-008156,Alice Smith
VOTER-008157,Alice Smith
VOTER-008158,Alice Smith
VOTER-008159,Alice Smith
VOTER-008160,Alice Smith
VOTER-008161,Alice Smith
VOTER-008162,Alice Smith
VOTER-008163,Diana Prince
VOTER-008164,Bob Jones
VOTER-008165,Bob Jones
VOTER-008166,Alice Smith
VOTER-008167,Alice Smith
VOTER-008168,Alice Smith
VOTER-008169,Alice Smith
VOTER-008170,Alice Smith
VOTER-008171,Bob Jones
VOTER-008172,Bob Jones
VOTER-008173,Alice Smith
VOTER-008174,Alice Smith
VOTER-008175,Alice Smith
VOTER-008176,Charlie Brown
VOTER-008177,Bob Jones
VOTER-008178,Alice Smith
VOTER-008179,Alice Smith
VOTER-008180,Bob Jones
VOTER-008181,Alice Smith
VOTER-008182,Bob Jones
VOTER-008183,Charlie Brown
VOTER-008184,Bob Jones
VOTER-008185,Diana Prince
VOTER-008186,Alice Smith
VOTER-008187,Charlie Brown
VOTER-008188,Bob Jones
VOTER-008189,Bob Jones
VOTER-008190,Diana Prince
VOTER-008191,Bob Jones
VOTER-008192,Bob Jones
VOTER-008193,Bob Jones
VOTER-008194,Bob Jones
VOTER-008195,Bob Jones
VOTER-008196,Alice Smith
VOTER-008197,Alice Smith
VOTER-008198,Bob Jones
VOTER-008199,Alice Smith
VOTER-008200,Alice Smith
VOTER-008201,Bob Jones
VOTER-008202,Bob Jones
VOTER-008203,Alice Smith
VOTER-008204,Bob Jones
VOTER-008205,Bob Jones
VOTER-008206,Bob Jones
VOTER-008207,Alice Smith
VOTER-008208,Bob Jones
VOTER-008209,Bob Jones
VOTER-008210,Charlie Brown
VOTER-008211,Bob Jones
VOTER-008212,Bob Jones
VOTER-008213,Bob Jones
VOTER-008214,Bob Jones
VOTER-008215,Alice Smith
VOTER-008216,Alice Smith
VOTER-008217,Charlie Brown
VOTER-008218,Bob Jones
VOTER-008219,Alice Smith
VOTER-008220,Alice Smith
VOTER-008221,Bob Jones
VOTER-008222,Alice Smith
VOTER-008223,Bob Jones
VOTER-008224,Alice Smith
VOTER-008225,Alice Smith
VOTER-008226,Charlie Brown
VOTER-008227,Charlie Brown
VOTER-008228,Bob Jones
VOTER-008229,Alice Smith
VOTER-008230,Bob Jones
VOTER-008231,Bob Jones
VOTER-008232,Alice Smith
VOTER-008233,Bob Jones
VOTER-008234,Alice Smith
VOTER-008235,Bob Jones
VOTER-008236,Alice Smith
VOTER-008237,Alice Smith
VOTER-008238,Charlie Brown
VOTER-008239,Charlie Brown
VOTER-008240,Charlie Brown
VOTER-008241,Alice Smith
VOTER-008242,Diana Prince
VOTER-008243,Alice Smith
VOTER-008244,Alice Smith
VOTER-008245,Bob Jones
VOTER-008246,Bob Jones
VOTER-008247,Bob Jones
VOTER-008248,Alice Smith
VOTER-008249,Diana Prince
VOTER-008250,Bob Jones
VOTER-008251,Alice Smith
VOTER-008252,Charlie Brown
VOTER-008253,Alice Smith
VOTER-008254,Diana Prince
VOTER-008255,Alice Smith
VOTER-008256,Bob Jones
VOTER-008257,Bob Jones
VOTER-008258,Bob Jones
VOTER-008259,Alice Smith
VOTER-008260,Bob Jones
VOTER-008261,Bob Jones
VOTER-008262,Alice Smith
VOTER-008263,Bob Jones
VOTER-008264,Charlie Brown
VOTER-008265,Charlie Brown
VOTER-008266,Alice Smith
VOTER-008267,Alice Smith
VOTER-008268,Diana Prince
VOTER-008269,Alice Smith
VOTER-008270,Alice Smith
VOTER-008271,Charlie Brown
VOTER-008272,Bob Jones
VOTER-008273,Alice Smith
VOTER-008274,Alice Smith
VOTER-008275,Charlie Brown
VOTER-008276,Alice Smith
VOTER-008277,Bob Jones
VOTER-008278,Charlie Brown
VOTER-008279,Bob Jones
VOTER-008280,Bob Jones
VOTER-008281,Bob Jones
VOTER-008282,Charlie Brown
VOTER-008283,Alice Smith
VOTER-008284,Alice Smith
VOTER-008285,Alice Smith
VOTER-008286,Alice Smith
VOTER-008287,Charlie Brown
VOTER-008288,Bob Jones
VOTER-008289,Charlie Brown
VOTER-008290,Bob Jones
VOTER-008291,Bob Jones
VOTER-008292,Charlie Brown
VOTER-008293,Alice Smith
VOTER-008294,Diana Prince
VOTER-008295,Alice Smith
VOTER-008296,Bob Jones
VOTER-008297,Charlie Brown
VOTER-008298,Bob Jones
VOTER-008299,Alice Smith
VOTER-008300,Charlie Brown
VOTER-008301,Alice Smith
VOTER-008302,Bob Jones
VOTER-008303,Charlie Brown
VOTER-008304,Bob Jones
VOTER-008305,Bob Jones
VOTER-008306,Alice Smith
VOTER-008307,Charlie Brown
VOTER-008308,Bob Jones
VOTER-008309,Alice Smith
VOTER-008310,Alice Smith
VOTER-008311,Bob Jones
VOTER-008312,Bob Jones
VOTER-008313,Charlie Brown
VOTER-008314,Bob Jones
VOTER-008315,Diana Prince
VOTER-008316,Alice Smith
VOTER-008317,Bob Jones
VOTER-008318,Bob Jones
VOTER-008319,Charlie Brown
VOTER-008320,Bob Jones
VOTER-008321,Alice Smith
VOTER-008322,Bob Jones
VOTER-008323,Bob Jones
VOTER-008324,Bob Jones
VOTER-008325,Bob Jones
VOTER-008326,Diana Prince
VOTER-008327,Charlie Brown
VOTER-008328,Alice Smith
VOTER-008329,Alice Smith
VOTER-008330,Bob Jones
VOTER-008331,Diana Prince
VOTER-008332,Alice Smith
VOTER-008333,Alice Smith
VOTER-008334,Alice Smith
VOTER-008335,Bob Jones
VOTER-008336,Alice Smith
VOTER-008337,Charlie Brown
VOTER-008338,Charlie Brown
VOTER-008339,Alice Smith
VOTER-008340,Charlie Brown
VOTER-008341,Diana Prince
VOTER-008342,Charlie Brown
VOTER-008343,Charlie Brown
VOTER-008344,Bob Jones
VOTER-008345,Charlie Brown
VOTER-008346,Alice Smith
VOTER-008347,Bob Jones
VOTER-008348,Alice Smith
VOTER-008349,Alice Smith
VOTER-008350,Alice Smith
VOTER-008351,Alice Smith
VOTER-008352,Alice Smith
VOTER-008353,Diana Prince
VOTER-008354,Bob Jones
VOTER-008355,Alice Smith
VOTER-008356,Charlie Brown
VOTER-008357,Bob Jones
VOTER-008358,Bob Jones
VOTER-008359,Bob Jones
VOTER-008360,Alice Smith
VOTER-008361,Bob Jones
VOTER-008362,Diana Prince
VOTER-008363,Bob Jones
VOTER-008364,Alice Smith
VOTER-008365,Alice Smith
VOTER-008366,Alice Smith
VOTER-008367,Alice Smith
VOTER-008368,Alice Smith
VOTER-008369,Alice Smith
VOTER-008370,Bob Jones
VOTER-008371,Alice Smith
VOTER-008372,Bob Jones
VOTER-008373,Alice Smith
VOTER-008374,Charlie Brown
VOTER-008375,Alice Smith
VOTER-008376,Alice Smith
VOTER-008377,Bob Jones
VOTER-008378,Alice Smith
VOTER-008379,Alice Smith
VOTER-008380,Bob Jones
VOTER-008381,Alice Smith
VOTER-008382,Alice Smith
VOTER-008383,Bob Jones
VOTER-008384,Alice Smith
VOTER-008385,Charlie Brown
VOTER-008386,Bob Jones
VOTER-008387,Alice Smith
VOTER-008388,Alice Smith
VOTER-008389,Alice Smith
VOTER-008390,Alice Smith
VOTER-008391,Alice Smith
VOTER-008392,Bob Jones
VOTER-008393,Diana Prince
VOTER-008394,Alice Smith
VOTER-008395,Bob Jones
VOTER-008396,Bob Jones
VOTER-008397,Charlie Brown
VOTER-008398,Charlie Brown
VOTER-008399,Alice Smith
VOTER-008400,Alice Smith
VOTER-008401,Alice Smith
VOTER-008402,Bob Jones
VOTER-008403,Bob Jones
VOTER-008404,Bob Jones
VOTER-008405,Charlie Brown
VOTER-008406,Diana Prince
VOTER-008407,Diana Prince
VOTER-008408,Alice Smith
VOTER-008409,Alice Smith
VOTER-008410,Alice Smith
VOTER-008411,Charlie Brown
VOTER-008412,Alice Smith
VOTER-008413,Bob Jones
VOTER-008414,Diana Prince
VOTER-008415,Charlie Brown
VOTER-008416,Bob Jones
VOTER-008417,Alice Smith
VOTER-008418,Charlie Brown
VOTER-008419,Bob Jones
VOTER-008420,Bob Jones
VOTER-008421,Alice Smith
VOTER-008422,Charlie Brown
VOTER-008423,Charlie Brown
VOTER-008424,Bob Jones
VOTER-008425,Bob Jones
VOTER-008426,Alice Smith
VOTER-008427,Charlie Brown
VOTER-008428,Alice Smith
VOTER-008429,Alice Smith
VOTER-008430,Alice Smith
VOTER-008431,Alice Smith
VOTER-008432,Bob Jones
VOTER-008433,Alice Smith
VOTER-008434,Alice Smith
VOTER-008435,Alice Smith
VOTER-008436,Alice Smith
VOTER-008437,Alice Smith
VOTER-008438,Bob Jones
VOTER-008439,Bob Jones
VOTER-008440,Bob Jones
VOTER-008441,Alice Smith
VOTER-008442,Charlie Brown
VOTER-008443,Bob Jones
VOTER-008444,Bob Jones
VOTER-008445,Bob Jones
VOTER-008446,Alice Smith
VOTER-008447,Alice Smith
VOTER-008448,Charlie Brown
VOTER-008449,Bob Jones
VOTER-008450,Alice Smith
VOTER-008451,Alice Smith
VOTER-008452,Bob Jones
VOTER-008453,Alice Smith
VOTER-008454,Alice Smith
VOTER-008455,Alice Smith
VOTER-008456,Bob Jones
VOTER-008457,Alice Smith
VOTER-008458,Bob Jones
VOTER-008459,Bob Jones
VOTER-008460,Alice Smith
VOTER-008461,Alice Smith
VOTER-008462,Diana Prince
VOTER-008463,Bob Jones
VOTER-008464,Bob Jones
VOTER-008465,Charlie Brown
VOTER-008466,Bob Jones
VOTER-008467,Alice Smith
VOTER-008468,Alice Smith
VOTER-008469,Bob Jones
VOTER-008470,Charlie Brown
VOTER-008471,Bob Jones
VOTER-008472,Alice Smith
VOTER-008473,Alice Smith
VOTER-008474,Alice Smith
VOTER-008475,Diana Prince
VOTER-008476,Bob Jones
VOTER-008477,Bob Jones
VOTER-008478,Diana Prince
VOTER-008479,Diana Prince
VOTER-008480,Alice Smith
VOTER-008481,Alice Smith
VOTER-008482,Bob Jones
VOTER-008483,Bob Jones
VOTER-008484,Bob Jones
VOTER-008485,Alice Smith
VOTER-008486,Bob Jones
VOTER-008487,Bob Jones
VOTER-008488,Bob Jones
VOTER-008489,Alice Smith
VOTER-008490,Alice Smith
VOTER-008491,Alice Smith
VOTER-008492,Alice Smith
VOTER-008493,Alice Smith
VOTER-008494,Bob Jones
VOTER-008495,Bob Jones
VOTER-008496,Diana Prince
VOTER-008497,Charlie Brown
VOTER-008498,Alice Smith
VOTER-008499,Alice Smith
VOTER-008500,Charlie Brown
VOTER-008501,Charlie Brown
VOTER-008502,Bob Jones
VOTER-008503,Alice Smith
VOTER-008504,Bob Jones
VOTER-008505,Alice Smith
VOTER-008506,Diana Prince
VOTER-008507,Alice Smith
VOTER-008508,Charlie Brown
VOTER-008509,Bob Jones
VOTER-008510,Bob Jones
VOTER-008511,Alice Smith
VOTER-008512,Diana Prince
VOTER-008513,Charlie Brown
VOTER-008514,Alice Smith
VOTER-008515,Charlie Brown
VOTER-008516,Alice Smith
VOTER-008517,Alice Smith
VOTER-008518,Bob Jones
VOTER-008519,Charlie Brown
VOTER-008520,Bob Jones
VOTER-008521,Bob Jones
VOTER-008522,Bob Jones
VOTER-008523,Alice Smith
VOTER-008524,Bob Jones
VOTER-008525,Alice Smith
VOTER-008526,Alice Smith
VOTER-008527,Alice Smith
VOTER-008528,Diana Prince
VOTER-008529,Charlie Brown
VOTER-008530,Charlie Brown
VOTER-008531,Alice Smith
VOTER-008532,Alice Smith
VOTER-008533,Charlie Brown
VOTER-008534,Alice Smith
VOTER-008535,Alice Smith
VOTER-008536,Alice Smith
VOTER-008537,Diana Prince
VOTER-008538,Diana Prince
VOTER-008539,Bob Jones
VOTER-008540,Alice Smith
VOTER-008541,Alice Smith
VOTER-008542,Charlie Brown
VOTER-008543,Alice Smith
VOTER-008544,Alice Smith
VOTER-008545,Alice Smith
VOTER-008546,Alice Smith
VOTER-008547,Bob Jones
VOTER-008548,Alice Smith
VOTER-008549,Diana Prince
VOTER-008550,Diana Prince
VOTER-008551,Bob Jones
VOTER-008552,Charlie Brown
VOTER-008553,Bob Jones
VOTER-008554,Bob Jones
VOTER-008555,Alice Smith
VOTER-008556,Alice Smith
VOTER-008557,Charlie Brown
VOTER-008558,Bob Jones
VOTER-008559,Bob Jones
VOTER-008560,Charlie Brown
VOTER-008561,Bob Jones
VOTER-008562,Alice Smith
VOTER-008563,Bob Jones
VOTER-008564,Bob Jones
VOTER-008565,Charlie Brown
VOTER-008566,Bob Jones
VOTER-008567,Bob Jones
VOTER-008568,Bob Jones
VOTER-008569,Bob Jones
VOTER-008570,Alice Smith
VOTER-008571,Bob Jones
VOTER-008572,Alice Smith
VOTER-008573,Charlie Brown
VOTER-008574,Charlie Brown
VOTER-008575,Alice Smith
VOTER-008576,Bob Jones
VOTER-008577,Alice Smith
VOTER-008578,Charlie Brown
VOTER-008579,Bob Jones
VOTER-008580,Alice Smith
VOTER-008581,Bob Jones
VOTER-008582,Diana Prince
VOTER-008583,Alice Smith
VOTER-008584,Alice Smith
VOTER-008585,Bob Jones
VOTER-008586,Alice Smith
VOTER-008587,Bob Jones
VOTER-008588,Alice Smith
VOTER-008589,Diana Prince
VOTER-008590,Charlie Brown
VOTER-008591,Bob Jones
VOTER-008592,Charlie Brown
VOTER-008593,Diana Prince
VOTER-008594,Bob Jones
VOTER-008595,Alice Smith
VOTER-008596,Bob Jones
VOTER-008597,Bob Jones
VOTER-008598,Alice Smith
VOTER-008599,Bob Jones
VOTER-008600,Alice Smith
VOTER-008601,Alice Smith
VOTER-008602,Bob Jones
VOTER-008603,Alice Smith
VOTER-008604,Alice Smith
VOTER-008605,Alice Smith
VOTER-008606,Charlie Brown
VOTER-008607,Bob Jones
VOTER-008608,Bob Jones
VOTER-008609,Charlie Brown
VOTER-008610,Bob Jones
VOTER-008611,Charlie Brown
VOTER-008612,Bob Jones
VOTER-008613,Charlie Brown
VOTER-008614,Bob Jones
VOTER-008615,Charlie Brown
VOTER-008616,Alice Smith
VOTER-008617,Alice Smith
VOTER-008618,Bob Jones
VOTER-008619,Bob Jones
VOTER-008620,Alice Smith
VOTER-008621,Alice Smith
VOTER-008622,Alice Smith
VOTER-008623,Alice Smith
VOTER-008624,Bob Jones
VOTER-008625,Bob Jones
VOTER-008626,Bob Jones
VOTER-008627,Alice Smith
VOTER-008628,Bob Jones
VOTER-008629,Diana Prince
VOTER-008630,Bob Jones
VOTER-008631,Bob Jones
VOTER-008632,Bob Jones
VOTER-008633,Charlie Brown
VOTER-008634,Bob Jones
VOTER-008635,Alice Smith
VOTER-008636,Alice Smith
VOTER-008637,Charlie Brown
VOTER-008638,Bob Jones
VOTER-008639,Alice Smith
VOTER-008640,Alice Smith
VOTER-008641,Alice Smith
VOTER-008642,Alice Smith
VOTER-008643,Bob Jones
VOTER-008644,Bob Jones
VOTER-008645,Alice Smith
VOTER-008646,Alice Smith
VOTER-008647,Alice Smith
VOTER-008648,Alice Smith
VOTER-008649,Alice Smith
VOTER-008650,Charlie Brown
VOTER-008651,Alice Smith
VOTER-008652,Alice Smith
VOTER-008653,Bob Jones
VOTER-008654,Alice Smith
VOTER-008655,Bob Jones
VOTER-008656,Charlie Brown
VOTER-008657,Bob Jones
VOTER-008658,Charlie Brown
VOTER-008659,Bob Jones
VOTER-008660,Alice Smith
VOTER-008661,Alice Smith
VOTER-008662,Alice Smith
VOTER-008663,Bob Jones
VOTER-008664,Charlie Brown
VOTER-008665,Alice Smith
VOTER-008666,Bob Jones
VOTER-008667,Charlie Brown
VOTER-008668,Charlie Brown
VOTER-008669,Charlie Brown
VOTER-008670,Alice Smith
VOTER-008671,Alice Smith
VOTER-008672,Alice Smith
VOTER-008673,Alice Smith
VOTER-008674,Diana Prince
VOTER-008675,Bob Jones
VOTER-008676,Alice Smith
VOTER-008677,Alice Smith
VOTER-008678,Bob Jones
VOTER-008679,Bob Jones
VOTER-008680,Charlie Brown
VOTER-008681,Bob Jones
VOTER-008682,Bob Jones
VOTER-008683,Bob Jones
VOTER-008684,Alice Smith
VOTER-008685,Alice Smith
VOTER-008686,Alice Smith
VOTER-008687,Bob Jones
VOTER-008688,Bob Jones
VOTER-008689,Alice Smith
VOTER-008690,Alice Smith
VOTER-008691,Alice Smith
VOTER-008692,Alice Smith
VOTER-008693,Bob Jones
VOTER-008694,Bob Jones
VOTER-008695,Alice Smith
VOTER-008696,Diana Prince
VOTER-008697,Alice Smith
VOTER-008698,Diana Prince
VOTER-008699,Alice Smith
VOTER-008700,Bob Jones
VOTER-008701,Bob Jones
VOTER-008702,Charlie Brown
VOTER-008703,Bob Jones
VOTER-008704,Bob Jones
VOTER-008705,Charlie Brown
VOTER-008706,Alice Smith
VOTER-008707,Alice Smith
VOTER-008708,Bob Jones
VOTER-008709,Alice Smith
VOTER-008710,Alice Smith
VOTER-008711,Diana Prince
VOTER-008712,Charlie Brown
VOTER-008713,Charlie Brown
VOTER-008714,Bob Jones
VOTER-008715,Alice Smith
VOTER-008716,Bob Jones
VOTER-008717,Charlie Brown
VOTER-008718,Charlie Brown
VOTER-008719,Bob Jones
VOTER-008720,Bob Jones
VOTER-008721,Alice Smith
VOTER-008722,Alice Smith
VOTER-008723,Charlie Brown
VOTER-008724,Alice Smith
VOTER-008725,Alice Smith
VOTER-008726,Bob Jones
VOTER-008727,Bob Jones
VOTER-008728,Alice Smith
VOTER-008729,Bob Jones
VOTER-008730,Bob Jones
VOTER-008731,Diana Prince
VOTER-008732,Bob Jones
VOTER-008733,Alice Smith
VOTER-008734,Diana Prince
VOTER-008735,Bob Jones
VOTER-008736,Alice Smith
VOTER-008737,Alice Smith
VOTER-008738,Bob Jones
VOTER-008739,Alice Smith
VOTER-008740,Bob Jones
VOTER-008741,Bob Jones
VOTER-008742,Diana Prince
VOTER-008743,Alice Smith
VOTER-008744,Bob Jones
VOTER-008745,Bob Jones
VOTER-008746,Charlie Brown
VOTER-008747,Bob Jones
VOTER-008748,Alice Smith
VOTER-008749,Alice Smith
VOTER-008750,Bob Jones
VOTER-008751,Bob Jones
VOTER-008752,Alice Smith
VOTER-008753,Charlie Brown
VOTER-008754,Alice Smith
VOTER-008755,Bob Jones
VOTER-008756,Alice Smith
VOTER-008757,Alice Smith
VOTER-008758,Alice Smith
VOTER-008759,Alice Smith
VOTER-008760,Bob Jones
VOTER-008761,Charlie Brown
VOTER-008762,Alice Smith
VOTER-008763,Alice Smith
VOTER-008764,Bob Jones
VOTER-008765,Alice Smith
VOTER-008766,Alice Smith
VOTER-008767,Alice Smith
VOTER-008768,Alice Smith
VOTER-008769,Alice Smith
VOTER-008770,Charlie Brown
VOTER-008771,Charlie Brown
VOTER-008772,Alice Smith
VOTER-008773,Charlie Brown
VOTER-008774,Bob Jones
VOTER-008775,Charlie Brown
VOTER-008776,Charlie Brown
VOTER-008777,Charlie Brown
VOTER-008778,Alice Smith
VOTER-008779,Diana Prince
VOTER-008780,Alice Smith
VOTER-008781,Alice Smith
VOTER-008782,Diana Prince
VOTER-008783,Bob Jones
VOTER-008784,Charlie Brown
VOTER-008785,Alice Smith
VOTER-008786,Alice Smith
VOTER-008787,Bob Jones
VOTER-008788,Alice Smith
VOTER-008789,Charlie Brown
VOTER-008790,Bob Jones
VOTER-008791,Bob Jones
VOTER-008792,Alice Smith
VOTER-008793,Alice Smith
VOTER-008794,Bob Jones
VOTER-008795,Charlie Brown
VOTER-008796,Alice Smith
VOTER-008797,Alice Smith
VOTER-008798,Bob Jones
VOTER-008799,Bob Jones
VOTER-008800,Charlie Brown
VOTER-008801,Bob Jones
VOTER-008802,Charlie Brown
VOTER-008803,Alice Smith
VOTER-008804,Charlie Brown
VOTER-008805,Diana Prince
VOTER-008806,Charlie Brown
VOTER-008807,Bob Jones
VOTER-008808,Alice Smith
VOTER-008809,Alice Smith
VOTER-008810,Alice Smith
VOTER-008811,Diana Prince
VOTER-008812,Alice Smith
VOTER-008813,Charlie Brown
VOTER-008814,Alice Smith
VOTER-008815,Charlie Brown
VOTER-008816,Bob Jones
VOTER-008817,Bob Jones
VOTER-008818,Bob Jones
VOTER-008819,Alice Smith
VOTER-008820,Alice Smith
VOTER-008821,Bob Jones
VOTER-008822,Alice Smith
VOTER-008823,Alice Smith
VOTER-008824,Bob Jones
VOTER-008825,Charlie Brown
VOTER-008826,Alice Smith
VOTER-008827,Diana Prince
VOTER-008828,Alice Smith
VOTER-008829,Charlie Brown
VOTER-008830,Alice Smith
VOTER-008831,Diana Prince
VOTER-008832,Bob Jones
VOTER-008833,Bob Jones
VOTER-008834,Bob Jones
VOTER-008835,Alice Smith
VOTER-008836,Bob Jones
VOTER-008837,Diana Prince
VOTER-008838,Bob Jones
VOTER-008839,Charlie Brown
VOTER-008840,Alice Smith
VOTER-008841,Bob Jones
VOTER-008842,Charlie Brown
VOTER-008843,Alice Smith
VOTER-008844,Alice Smith
VOTER-008845,Alice Smith
VOTER-008846,Charlie Brown
VOTER-008847,Bob Jones
VOTER-008848,Bob Jones
VOTER-008849,Bob Jones
VOTER-008850,Bob Jones
VOTER-008851,Charlie Brown
VOTER-008852,Alice Smith
VOTER-008853,Bob Jones
VOTER-008854,Bob Jones
VOTER-008855,Bob Jones
VOTER-008856,Diana Prince
VOTER-008857,Alice Smith
VOTER-008858,Bob Jones
VOTER-008859,Alice Smith
VOTER-008860,Alice Smith
VOTER-008861,Alice Smith
VOTER-008862,Diana Prince
VOTER-008863,Bob Jones
VOTER-008864,Charlie Brown
VOTER-008865,Bob Jones
VOTER-008866,Charlie Brown
VOTER-008867,Charlie Brown
VOTER-008868,Bob Jones
VOTER-008869,Diana Prince
VOTER-008870,Bob Jones
VOTER-008871,Bob Jones
VOTER-008872,Alice Smith
VOTER-008873,Charlie Brown
VOTER-008874,Charlie Brown
VOTER-008875,Alice Smith
VOTER-008876,Charlie Brown
VOTER-008877,Alice Smith
VOTER-008878,Alice Smith
VOTER-008879,Alice Smith
VOTER-008880,Alice Smith
VOTER-008881,Bob Jones
VOTER-008882,Alice Smith
VOTER-008883,Alice Smith
VOTER-008884,Diana Prince
VOTER-008885,Bob Jones
VOTER-008886,Diana Prince
VOTER-008887,Diana Prince
VOTER-008888,Diana Prince
VOTER-008889,Alice Smith
VOTER-008890,Diana Prince
VOTER-008891,Bob Jones
VOTER-008892,Alice Smith
VOTER-008893,Diana Prince
VOTER-008894,Alice Smith
VOTER-008895,Alice Smith
VOTER-008896,Alice Smith
VOTER-008897,Bob Jones
VOTER-008898,Alice Smith
VOTER-008899,Alice Smith
VOTER-008900,Alice Smith
VOTER-008901,Bob Jones
VOTER-008902,Bob Jones
VOTER-008903,Alice Smith
VOTER-008904,Bob Jones
VOTER-008905,Alice Smith
VOTER-008906,Bob Jones
VOTER-008907,Bob Jones
VOTER-008908,Alice Smith
VOTER-008909,Bob Jones
VOTER-008910,Alice Smith
VOTER-008911,Bob Jones
VOTER-008912,Charlie Brown
VOTER-008913,Alice Smith
VOTER-008914,Bob Jones
VOTER-008915,Alice Smith
VOTER-008916,Bob Jones
VOTER-008917,Alice Smith
VOTER-008918,Diana Prince
VOTER-008919,Alice Smith
VOTER-008920,Alice Smith
VOTER-008921,Alice Smith
VOTER-008922,Charlie Brown
VOTER-008923,Alice Smith
VOTER-008924,Bob Jones
VOTER-008925,Bob Jones
VOTER-008926,Bob Jones
VOTER-008927,Diana Prince
VOTER-008928,Bob Jones
VOTER-008929,Alice Smith
VOTER-008930,Alice Smith
VOTER-008931,Alice Smith
VOTER-008932,Diana Prince
VOTER-008933,Bob Jones
VOTER-008934,Alice Smith
VOTER-008935,Charlie Brown
VOTER-008936,Bob Jones
VOTER-008937,Alice Smith
VOTER-008938,Bob Jones
VOTER-008939,Bob Jones
VOTER-008940,Bob Jones
VOTER-008941,Bob Jones
VOTER-008942,Alice Smith
VOTER-008943,Alice Smith
VOTER-008944,Diana Prince
VOTER-008945,Charlie Brown
VOTER-008946,Bob Jones
VOTER-008947,Alice Smith
VOTER-008948,Charlie Brown
VOTER-008949,Diana Prince
VOTER-008950,Bob Jones
VOTER-008951,Bob Jones
VOTER-008952,Alice Smith
VOTER-008953,Alice Smith
VOTER-008954,Alice Smith
VOTER-008955,Alice Smith
VOTER-008956,Alice Smith
VOTER-008957,Alice Smith
VOTER-008958,Bob Jones
VOTER-008959,Bob Jones
VOTER-008960,Alice Smith
VOTER-008961,Diana Prince
VOTER-008962,Alice Smith
VOTER-008963,Charlie Brown
VOTER-008964,Diana Prince
VOTER-008965,Bob Jones
VOTER-008966,Bob Jones
VOTER-008967,Alice Smith
VOTER-008968,Charlie Brown
VOTER-008969,Alice Smith
VOTER-008970,Charlie Brown
VOTER-008971,Alice Smith
VOTER-008972,Bob Jones
VOTER-008973,Diana Prince
VOTER-008974,Diana Prince
VOTER-008975,Bob Jones
VOTER-008976,Alice Smith
VOTER-008977,Bob Jones
VOTER-008978,Bob Jones
VOTER-008979,Bob Jones
VOTER-008980,Alice Smith
VOTER-008981,Charlie Brown
VOTER-008982,Alice Smith
VOTER-008983,Alice Smith
VOTER-008984,Diana Prince
VOTER-008985,Bob Jones
VOTER-008986,Bob Jones
VOTER-008987,Alice Smith
VOTER-008988,Alice Smith
VOTER-008989,Alice Smith
VOTER-008990,Alice Smith
VOTER-008991,Bob Jones
VOTER-008992,Diana Prince
VOTER-008993,Alice Smith
VOTER-008994,Charlie Brown
VOTER-008995,Bob Jones
VOTER-008996,Charlie Brown
VOTER-008997,Charlie Brown
VOTER-008998,Bob Jones
VOTER-008999,Bob Jones
VOTER-009000,Alice Smith
VOTER-009001,Bob Jones
VOTER-009002,Bob Jones
VOTER-009003,Diana Prince
VOTER-009004,Bob Jones
VOTER-009005,Alice Smith
VOTER-009006,Alice Smith
VOTER-009007,Alice Smith
VOTER-009008,Diana Prince
VOTER-009009,Bob Jones
VOTER-009010,Alice Smith
VOTER-009011,Bob Jones
VOTER-009012,Bob Jones
VOTER-009013,Charlie Brown
VOTER-009014,Diana Prince
VOTER-009015,Bob Jones
VOTER-009016,Bob Jones
VOTER-009017,Charlie Brown
VOTER-009018,Alice Smith
VOTER-009019,Diana Prince
VOTER-009020,Charlie Brown
VOTER-009021,Charlie Brown
VOTER-009022,Bob Jones
VOTER-009023,Alice Smith
VOTER-009024,Alice Smith
VOTER-009025,Alice Smith
VOTER-009026,Charlie Brown
VOTER-009027,Charlie Brown
VOTER-009028,Bob Jones
VOTER-009029,Alice Smith
VOTER-009030,Alice Smith
VOTER-009031,Bob Jones
VOTER-009032,Bob Jones
VOTER-009033,Charlie Brown
VOTER-009034,Alice Smith
VOTER-009035,Bob Jones
VOTER-009036,Charlie Brown
VOTER-009037,Alice Smith
VOTER-009038,Alice Smith
VOTER-009039,Bob Jones
VOTER-009040,Charlie Brown
VOTER-009041,Bob Jones
VOTER-009042,Bob Jones
VOTER-009043,Charlie Brown
VOTER-009044,Alice Smith
VOTER-009045,Bob Jones
VOTER-009046,Bob Jones
VOTER-009047,Charlie Brown
VOTER-009048,Bob Jones
VOTER-009049,Bob Jones
VOTER-009050,Bob Jones
VOTER-009051,Alice Smith
VOTER-009052,Alice Smith
VOTER-009053,Diana Prince
VOTER-009054,Bob Jones
VOTER-009055,Bob Jones
VOTER-009056,Alice Smith
VOTER-009057,Alice Smith
VOTER-009058,Bob Jones
VOTER-009059,Bob Jones
VOTER-009060,Alice Smith
VOTER-009061,Charlie Brown
VOTER-009062,Bob Jones
VOTER-009063,Diana Prince
VOTER-009064,Alice Smith
VOTER-009065,Bob Jones
VOTER-009066,Bob Jones
VOTER-009067,Bob Jones
VOTER-009068,Alice Smith
VOTER-009069,Alice Smith
VOTER-009070,Bob Jones
VOTER-009071,Alice Smith
VOTER-009072,Charlie Brown
VOTER-009073,Alice Smith
VOTER-009074,Charlie Brown
VOTER-009075,Bob Jones
VOTER-009076,Alice Smith
VOTER-009077,Alice Smith
VOTER-009078,Diana Prince
VOTER-009079,Alice Smith
VOTER-009080,Charlie Brown
VOTER-009081,Bob Jones
VOTER-009082,Bob Jones
VOTER-009083,Alice Smith
VOTER-009084,Alice Smith
VOTER-009085,Charlie Brown
VOTER-009086,Alice Smith
VOTER-009087,Alice Smith
VOTER-009088,Diana Prince
VOTER-009089,Bob Jones
VOTER-009090,Alice Smith
VOTER-009091,Alice Smith
VOTER-009092,Charlie Brown
VOTER-009093,Bob Jones
VOTER-009094,Charlie Brown
VOTER-009095,Alice Smith
VOTER-009096,Charlie Brown
VOTER-009097,Charlie Brown
VOTER-009098,Alice Smith
VOTER-009099,Alice Smith
VOTER-009100,Alice Smith
VOTER-009101,Alice Smith
VOTER-009102,Alice Smith
VOTER-009103,Bob Jones
VOTER-009104,Alice Smith
VOTER-009105,Bob Jones
VOTER-009106,Bob Jones
VOTER-009107,Bob Jones
VOTER-009108,Bob Jones
VOTER-009109,Charlie Brown
VOTER-009110,Diana Prince
VOTER-009111,Alice Smith
VOTER-009112,Bob Jones
VOTER-009113,Bob Jones
VOTER-009114,Bob Jones
VOTER-009115,Bob Jones
VOTER-009116,Charlie Brown
VOTER-009117,Charlie Brown
VOTER-009118,Bob Jones
VOTER-009119,Bob Jones
VOTER-009120,Bob Jones
VOTER-009121,Diana Prince
VOTER-009122,Bob Jones
VOTER-009123,Bob Jones
VOTER-009124,Diana Prince
VOTER-009125,Diana Prince
VOTER-009126,Charlie Brown
VOTER-009127,Alice Smith
VOTER-009128,Alice Smith
VOTER-009129,Alice Smith
VOTER-009130,Alice Smith
VOTER-009131,Bob Jones
VOTER-009132,Alice Smith
VOTER-009133,Bob Jones
VOTER-009134,Alice Smith
VOTER-009135,Bob Jones
VOTER-009136,Diana Prince
VOTER-009137,Alice Smith
VOTER-009138,Bob Jones
VOTER-009139,Alice Smith
VOTER-009140,Alice Smith
VOTER-009141,Alice Smith
VOTER-009142,Alice Smith
VOTER-009143,Alice Smith
VOTER-009144,Alice Smith
VOTER-009145,Bob Jones
VOTER-009146,Alice Smith
VOTER-009147,Alice Smith
VOTER-009148,Diana Prince
VOTER-009149,Charlie Brown
VOTER-009150,Alice Smith
VOTER-009151,Bob Jones
VOTER-009152,Bob Jones
VOTER-009153,Bob Jones
VOTER-009154,Alice Smith
VOTER-009155,Alice Smith
VOTER-009156,Alice Smith
VOTER-009157,Charlie Brown
VOTER-009158,Bob Jones
VOTER-009159,Alice Smith
VOTER-009160,Charlie Brown
VOTER-009161,Bob Jones
VOTER-009162,Charlie Brown
VOTER-009163,Bob Jones
VOTER-009164,Bob Jones
VOTER-009165,Bob Jones
VOTER-009166,Bob Jones
VOTER-009167,Bob Jones
VOTER-009168,Bob Jones
VOTER-009169,Alice Smith
VOTER-009170,Alice Smith
VOTER-009171,Alice Smith
VOTER-009172,Bob Jones
VOTER-009173,Alice Smith
VOTER-009174,Alice Smith
VOTER-009175,Bob Jones
VOTER-009176,Diana Prince
VOTER-009177,Alice Smith
VOTER-009178,Diana Prince
VOTER-009179,Alice Smith
VOTER-009180,Alice Smith
VOTER-009181,Alice Smith
VOTER-009182,Alice Smith
VOTER-009183,Alice Smith
VOTER-009184,Charlie Brown
VOTER-009185,Bob Jones
VOTER-009186,Alice Smith
VOTER-009187,Alice Smith
VOTER-009188,Alice Smith
VOTER-009189,Bob Jones
VOTER-009190,Alice Smith
VOTER-009191,Bob Jones
VOTER-009192,Alice Smith
VOTER-009193,Alice Smith
VOTER-009194,Alice Smith
VOTER-009195,Diana Prince
VOTER-009196,Bob Jones
VOTER-009197,Alice Smith
VOTER-009198,Bob Jones
VOTER-009199,Alice Smith
VOTER-009200,Charlie Brown
VOTER-009201,Bob Jones
VOTER-009202,Alice Smith
VOTER-009203,Alice Smith
VOTER-009204,Alice Smith
VOTER-009205,Alice Smith
VOTER-009206,Alice Smith
VOTER-009207,Bob Jones
VOTER-009208,Charlie Brown
VOTER-009209,Charlie Brown
VOTER-009210,Alice Smith
VOTER-009211,Alice Smith
VOTER-009212,Alice Smith
VOTER-009213,Charlie Brown
VOTER-009214,Bob Jones
VOTER-009215,Charlie Brown
VOTER-009216,Charlie Brown
VOTER-009217,Bob Jones
VOTER-009218,Charlie Brown
VOTER-009219,Alice Smith
VOTER-009220,Alice Smith
VOTER-009221,Diana Prince
VOTER-009222,Alice Smith
VOTER-009223,Diana Prince
VOTER-009224,Diana Prince
VOTER-009225,Bob Jones
VOTER-009226,Alice Smith
VOTER-009227,Bob Jones
VOTER-009228,Bob Jones
VOTER-009229,Diana Prince
VOTER-009230,Bob Jones
VOTER-009231,Alice Smith
VOTER-009232,Diana Prince
VOTER-009233,Alice Smith
VOTER-009234,Alice Smith
VOTER-009235,Alice Smith
VOTER-009236,Alice Smith
VOTER-009237,Alice Smith
VOTER-009238,Alice Smith
VOTER-009239,Charlie Brown
VOTER-009240,Alice Smith
VOTER-009241,Diana Prince
VOTER-009242,Alice Smith
VOTER-009243,Bob Jones
VOTER-009244,Alice Smith
VOTER-009245,Bob Jones
VOTER-009246,Alice Smith
VOTER-009247,Diana Prince
VOTER-009248,Bob Jones
VOTER-009249,Alice Smith
VOTER-009250,Bob Jones
VOTER-009251,Alice Smith
VOTER-009252,Alice Smith
VOTER-009253,Alice Smith
VOTER-009254,Charlie Brown
VOTER-009255,Alice Smith
VOTER-009256,Alice Smith
VOTER-009257,Alice Smith
VOTER-009258,Alice Smith
VOTER-009259,Bob Jones
VOTER-009260,Alice Smith
VOTER-009261,Bob Jones
VOTER-009262,Charlie Brown
VOTER-009263,Alice Smith
VOTER-009264,Bob Jones
VOTER-009265,Charlie Brown
VOTER-009266,Bob Jones
VOTER-009267,Alice Smith
VOTER-009268,Alice Smith
VOTER-009269,Diana Prince
VOTER-009270,Bob Jones
VOTER-009271,Alice Smith
VOTER-009272,Charlie Brown
VOTER-009273,Bob Jones
VOTER-009274,Diana Prince
VOTER-009275,Charlie Brown
VOTER-009276,Bob Jones
VOTER-009277,Alice Smith
VOTER-009278,Alice Smith
VOTER-009279,Alice Smith
VOTER-009280,Alice Smith
VOTER-009281,Bob Jones
VOTER-009282,Charlie Brown
VOTER-009283,Diana Prince
VOTER-009284,Bob Jones
VOTER-009285,Bob Jones
VOTER-009286,Bob Jones
VOTER-009287,Bob Jones
VOTER-009288,Charlie Brown
VOTER-009289,Alice Smith
VOTER-009290,Bob Jones
VOTER-009291,Alice Smith
VOTER-009292,Diana Prince
VOTER-009293,Alice Smith
VOTER-009294,Charlie Brown
VOTER-009295,Bob Jones
VOTER-009296,Diana Prince
VOTER-009297,Alice Smith
VOTER-009298,Diana Prince
VOTER-009299,Bob Jones
VOTER-009300,Charlie Brown
VOTER-009301,Bob Jones
VOTER-009302,Bob Jones
VOTER-009303,Alice Smith
VOTER-009304,Bob Jones
VOTER-009305,Diana Prince
VOTER-009306,Bob Jones
VOTER-009307,Alice Smith
VOTER-009308,Bob Jones
VOTER-009309,Bob Jones
VOTER-009310,Bob Jones
VOTER-009311,Charlie Brown
VOTER-009312,Alice Smith
VOTER-009313,Bob Jones
VOTER-009314,Bob Jones
VOTER-009315,Bob Jones
VOTER-009316,Bob Jones
VOTER-009317,Bob Jones
VOTER-009318,Alice Smith
VOTER-009319,Bob Jones
VOTER-009320,Alice Smith
VOTER-009321,Alice Smith
VOTER-009322,Charlie Brown
VOTER-009323,Bob Jones
VOTER-009324,Charlie Brown
VOTER-009325,Alice Smith
VOTER-009326,Alice Smith
VOTER-009327,Diana Prince
VOTER-009328,Diana Prince
VOTER-009329,Alice Smith
VOTER-009330,Alice Smith
VOTER-009331,Bob Jones
VOTER-009332,Alice Smith
VOTER-009333,Alice Smith
VOTER-009334,Alice Smith
VOTER-009335,Alice Smith
VOTER-009336,Alice Smith
VOTER-009337,Charlie Brown
VOTER-009338,Alice Smith
VOTER-009339,Alice Smith
VOTER-009340,Alice Smith
VOTER-009341,Bob Jones
VOTER-009342,Bob Jones
VOTER-009343,Alice Smith
VOTER-009344,Alice Smith
VOTER-009345,Charlie Brown
VOTER-009346,Bob Jones
VOTER-009347,Bob Jones
VOTER-009348,Alice Smith
VOTER-009349,Alice Smith
VOTER-009350,Alice Smith
VOTER-009351,Charlie Brown
VOTER-009352,Charlie Brown
VOTER-009353,Charlie Brown
VOTER-009354,Alice Smith
VOTER-009355,Bob Jones
VOTER-009356,Alice Smith
VOTER-009357,Charlie Brown
VOTER-009358,Alice Smith
VOTER-009359,Bob Jones
VOTER-009360,Bob Jones
VOTER-009361,Charlie Brown
VOTER-009362,Alice Smith
VOTER-009363,Alice Smith
VOTER-009364,Charlie Brown
VOTER-009365,Diana Prince
VOTER-009366,Alice Smith
VOTER-009367,Alice Smith
VOTER-009368,Bob Jones
VOTER-009369,Bob Jones
VOTER-009370,Bob Jones
VOTER-009371,Bob Jones
VOTER-009372,Bob Jones
VOTER-009373,Bob Jones
VOTER-009374,Alice Smith
VOTER-009375,Bob Jones
VOTER-009376,Alice Smith
VOTER-009377,Bob Jones
VOTER-009378,Diana Prince
VOTER-009379,Charlie Brown
VOTER-009380,Alice Smith
VOTER-009381,Bob Jones
VOTER-009382,Bob Jones
VOTER-009383,Bob Jones
VOTER-009384,Charlie Brown
VOTER-009385,Bob Jones
VOTER-009386,Bob Jones
VOTER-009387,Alice Smith
VOTER-009388,Alice Smith
VOTER-009389,Charlie Brown
VOTER-009390,Alice Smith
VOTER-009391,Bob Jones
VOTER-009392,Alice Smith
VOTER-009393,Alice Smith
VOTER-009394,Bob Jones
VOTER-009395,Alice Smith
VOTER-009396,Bob Jones
VOTER-009397,Alice Smith
VOTER-009398,Bob Jones
VOTER-009399,Bob Jones
VOTER-009400,Bob Jones
VOTER-009401,Bob Jones
VOTER-009402,Bob Jones
VOTER-009403,Bob Jones
VOTER-009404,Bob Jones
VOTER-009405,Bob Jones
VOTER-009406,Alice Smith
VOTER-009407,Charlie Brown
VOTER-009408,Bob Jones
VOTER-009409,Alice Smith
VOTER-009410,Bob Jones
VOTER-009411,Bob Jones
VOTER-009412,Alice Smith
VOTER-009413,Charlie Brown
VOTER-009414,Bob Jones
VOTER-009415,Diana Prince
VOTER-009416,Alice Smith
VOTER-009417,Bob Jones
VOTER-009418,Charlie Brown
VOTER-009419,Charlie Brown
VOTER-009420,Alice Smith
VOTER-009421,Bob Jones
VOTER-009422,Diana Prince
VOTER-009423,Bob Jones
VOTER-009424,Bob Jones
VOTER-009425,Bob Jones
VOTER-009426,Bob Jones
VOTER-009427,Alice Smith
VOTER-009428,Alice Smith
VOTER-009429,Bob Jones
VOTER-009430,Alice Smith
VOTER-009431,Bob Jones
VOTER-009432,Alice Smith
VOTER-009433,Diana Prince
VOTER-009434,Charlie Brown
VOTER-009435,Alice Smith
VOTER-009436,Charlie Brown
VOTER-009437,Bob Jones
VOTER-009438,Bob Jones
VOTER-009439,Bob Jones
VOTER-009440,Alice Smith
VOTER-009441,Bob Jones
VOTER-009442,Charlie Brown
VOTER-009443,Bob Jones
VOTER-009444,Diana Prince
VOTER-009445,Alice Smith
VOTER-009446,Alice Smith
VOTER-009447,Charlie Brown
VOTER-009448,Bob Jones
VOTER-009449,Alice Smith
VOTER-009450,Alice Smith
VOTER-009451,Bob Jones
VOTER-009452,Bob Jones
VOTER-009453,Charlie Brown
VOTER-009454,Alice Smith
VOTER-009455,Alice Smith
VOTER-009456,Diana Prince
VOTER-009457,Alice Smith
VOTER-009458,Alice Smith
VOTER-009459,Bob Jones
VOTER-009460,Alice Smith
VOTER-009461,Alice Smith
VOTER-009462,Charlie Brown
VOTER-009463,Diana Prince
VOTER-009464,Alice Smith
VOTER-009465,Alice Smith
VOTER-009466,Bob Jones
VOTER-009467,Alice Smith
VOTER-009468,Diana Prince
VOTER-009469,Alice Smith
VOTER-009470,Diana Prince
VOTER-009471,Alice Smith
VOTER-009472,Alice Smith
VOTER-009473,Diana Prince
VOTER-009474,Bob Jones
VOTER-009475,Alice Smith
VOTER-009476,Bob Jones
VOTER-009477,Alice Smith
VOTER-009478,Diana Prince
VOTER-009479,Bob Jones
VOTER-009480,Charlie Brown
VOTER-009481,Alice Smith
VOTER-009482,Alice Smith
VOTER-009483,Bob Jones
VOTER-009484,Bob Jones
VOTER-009485,Charlie Brown
VOTER-009486,Alice Smith
VOTER-009487,Bob Jones
VOTER-009488,Bob Jones
VOTER-009489,Alice Smith
VOTER-009490,Bob Jones
VOTER-009491,Alice Smith
VOTER-009492,Charlie Brown
VOTER-009493,Bob Jones
VOTER-009494,Bob Jones
VOTER-009495,Bob Jones
VOTER-009496,Charlie Brown
VOTER-009497,Bob Jones
VOTER-009498,Alice Smith
VOTER-009499,Bob Jones
VOTER-009500,Alice Smith
VOTER-009501,Bob Jones
VOTER-009502,Bob Jones
VOTER-009503,Alice Smith
VOTER-009504,Alice Smith
VOTER-009505,Alice Smith
VOTER-009506,Bob Jones
VOTER-009507,Charlie Brown
VOTER-009508,Diana Prince
VOTER-009509,Charlie Brown
VOTER-009510,Charlie Brown
VOTER-009511,Bob Jones
VOTER-009512,Alice Smith
VOTER-009513,Alice Smith
VOTER-009514,Charlie Brown
VOTER-009515,Alice Smith
VOTER-009516,Alice Smith
VOTER-009517,Charlie Brown
VOTER-009518,Alice Smith
VOTER-009519,Alice Smith
VOTER-009520,Diana Prince
VOTER-009521,Diana Prince
VOTER-009522,Bob Jones
VOTER-009523,Charlie Brown
VOTER-009524,Alice Smith
VOTER-009525,Bob Jones
VOTER-009526,Charlie Brown
VOTER-009527,Alice Smith
VOTER-009528,Alice Smith
VOTER-009529,Diana Prince
VOTER-009530,Alice Smith
VOTER-009531,Bob Jones
VOTER-009532,Charlie Brown
VOTER-009533,Alice Smith
VOTER-009534,Diana Prince
VOTER-009535,Alice Smith
VOTER-009536,Diana Prince
VOTER-009537,Bob Jones
VOTER-009538,Alice Smith
VOTER-009539,Alice Smith
VOTER-009540,Bob Jones
VOTER-009541,Bob Jones
VOTER-009542,Alice Smith
VOTER-009543,Bob Jones
VOTER-009544,Bob Jones
VOTER-009545,Alice Smith
VOTER-009546,Charlie Brown
VOTER-009547,Alice Smith
VOTER-009548,Alice Smith
VOTER-009549,Alice Smith
VOTER-009550,Alice Smith
VOTER-009551,Alice Smith
VOTER-009552,Alice Smith
VOTER-009553,Diana Prince
VOTER-009554,Bob Jones
VOTER-009555,Diana Prince
VOTER-009556,Alice Smith
VOTER-009557,Charlie Brown
VOTER-009558,Charlie Brown
VOTER-009559,Alice Smith
VOTER-009560,Alice Smith
VOTER-009561,Bob Jones
VOTER-009562,Bob Jones
VOTER-009563,Alice Smith
VOTER-009564,Diana Prince
VOTER-009565,Bob Jones
VOTER-009566,Bob Jones
VOTER-009567,Bob Jones
VOTER-009568,Charlie Brown
VOTER-009569,Diana Prince
VOTER-009570,Charlie Brown
VOTER-009571,Alice Smith
VOTER-009572,Bob Jones
VOTER-009573,Bob Jones
VOTER-009574,Alice Smith
VOTER-009575,Diana Prince
VOTER-009576,Bob Jones
VOTER-009577,Charlie Brown
VOTER-009578,Bob Jones
VOTER-009579,Charlie Brown
VOTER-009580,Alice Smith
VOTER-009581,Bob Jones
VOTER-009582,Alice Smith
VOTER-009583,Charlie Brown
VOTER-009584,Charlie Brown
VOTER-009585,Bob Jones
VOTER-009586,Bob Jones
VOTER-009587,Alice Smith
VOTER-009588,Bob Jones
VOTER-009589,Alice Smith
VOTER-009590,Bob Jones
VOTER-009591,Alice Smith
VOTER-009592,Diana Prince
VOTER-009593,Alice Smith
VOTER-009594,Bob Jones
VOTER-009595,Charlie Brown
VOTER-009596,Charlie Brown
VOTER-009597,Bob Jones
VOTER-009598,Charlie Brown
VOTER-009599,Alice Smith
VOTER-009600,Alice Smith
VOTER-009601,Bob Jones
VOTER-009602,Charlie Brown
VOTER-009603,Bob Jones
VOTER-009604,Bob Jones
VOTER-009605,Diana Prince
VOTER-009606,Diana Prince
VOTER-009607,Alice Smith
VOTER-009608,Alice Smith
VOTER-009609,Charlie Brown
VOTER-009610,Alice Smith
VOTER-009611,Alice Smith
VOTER-009612,Bob Jones
VOTER-009613,Charlie Brown
VOTER-009614,Bob Jones
VOTER-009615,Charlie Brown
VOTER-009616,Alice Smith
VOTER-009617,Diana Prince
VOTER-009618,Charlie Brown
VOTER-009619,Alice Smith
VOTER-009620,Bob Jones
VOTER-009621,Bob Jones
VOTER-009622,Alice Smith
VOTER-009623,Alice Smith
VOTER-009624,Alice Smith
VOTER-009625,Bob Jones
VOTER-009626,Bob Jones
VOTER-009627,Bob Jones
VOTER-009628,Alice Smith
VOTER-009629,Alice Smith
VOTER-009630,Alice Smith
VOTER-009631,Diana Prince
VOTER-009632,Bob Jones
VOTER-009633,Bob Jones
VOTER-009634,Bob Jones
VOTER-009635,Charlie Brown
VOTER-009636,Charlie Brown
VOTER-009637,Bob Jones
VOTER-009638,Bob Jones
VOTER-009639,Alice Smith
VOTER-009640,Bob Jones
VOTER-009641,Alice Smith
VOTER-009642,Alice Smith
VOTER-009643,Charlie Brown
VOTER-009644,Charlie Brown
VOTER-009645,Charlie Brown
VOTER-009646,Bob Jones
VOTER-009647,Bob Jones
VOTER-009648,Bob Jones
VOTER-009649,Charlie Brown
VOTER-009650,Diana Prince
VOTER-009651,Charlie Brown
VOTER-009652,Bob Jones
VOTER-009653,Alice Smith
VOTER-009654,Alice Smith
VOTER-009655,Diana Prince
VOTER-009656,Alice Smith
VOTER-009657,Bob Jones
VOTER-009658,Diana Prince
VOTER-009659,Diana Prince
VOTER-009660,Alice Smith
VOTER-009661,Diana Prince
VOTER-009662,Alice Smith
VOTER-009663,Bob Jones
VOTER-009664,Charlie Brown
VOTER-009665,Bob Jones
VOTER-009666,Bob Jones
VOTER-009667,Bob Jones
VOTER-009668,Bob Jones
VOTER-009669,Bob Jones
VOTER-009670,Bob Jones
VOTER-009671,Diana Prince
VOTER-009672,Alice Smith
VOTER-009673,Alice Smith
VOTER-009674,Bob Jones
VOTER-009675,Charlie Brown
VOTER-009676,Bob Jones
VOTER-009677,Diana Prince
VOTER-009678,Bob Jones
VOTER-009679,Alice Smith
VOTER-009680,Alice Smith
VOTER-009681,Bob Jones
VOTER-009682,Alice Smith
VOTER-009683,Alice Smith
VOTER-009684,Alice Smith
VOTER-009685,Charlie Brown
VOTER-009686,Charlie Brown
VOTER-009687,Bob Jones
VOTER-009688,Bob Jones
VOTER-009689,Bob Jones
VOTER-009690,Charlie Brown
VOTER-009691,Bob Jones
VOTER-009692,Alice Smith
VOTER-009693,Alice Smith
VOTER-009694,Bob Jones
VOTER-009695,Alice Smith
VOTER-009696,Alice Smith
VOTER-009697,Alice Smith
VOTER-009698,Diana Prince
VOTER-009699,Diana Prince
VOTER-009700,Alice Smith
VOTER-009701,Charlie Brown
VOTER-009702,Alice Smith
VOTER-009703,Alice Smith
VOTER-009704,Bob Jones
VOTER-009705,Diana Prince
VOTER-009706,Alice Smith
VOTER-009707,Alice Smith
VOTER-009708,Bob Jones
VOTER-009709,Charlie Brown
VOTER-009710,Diana Prince
VOTER-009711,Charlie Brown
VOTER-009712,Diana Prince
VOTER-009713,Diana Prince
VOTER-009714,Bob Jones
VOTER-009715,Alice Smith
VOTER-009716,Alice Smith
VOTER-009717,Bob Jones
VOTER-009718,Alice Smith
VOTER-009719,Charlie Brown
VOTER-009720,Alice Smith
VOTER-009721,Diana Prince
VOTER-009722,Bob Jones
VOTER-009723,Bob Jones
VOTER-009724,Alice Smith
VOTER-009725,Diana Prince
VOTER-009726,Charlie Brown
VOTER-009727,Charlie Brown
VOTER-009728,Charlie Brown
VOTER-009729,Bob Jones
VOTER-009730,Bob Jones
VOTER-009731,Diana Prince
VOTER-009732,Alice Smith
VOTER-009733,Alice Smith
VOTER-009734,Alice Smith
VOTER-009735,Alice Smith
VOTER-009736,Alice Smith
VOTER-009737,Diana Prince
VOTER-009738,Alice Smith
VOTER-009739,Bob Jones
VOTER-009740,Alice Smith
VOTER-009741,Alice Smith
VOTER-009742,Bob Jones
VOTER-009743,Alice Smith
VOTER-009744,Bob Jones
VOTER-009745,Alice Smith
VOTER-009746,Alice Smith
VOTER-009747,Charlie Brown
VOTER-009748,Alice Smith
VOTER-009749,Alice Smith
VOTER-009750,Alice Smith
VOTER-009751,Charlie Brown
VOTER-009752,Bob Jones
VOTER-009753,Charlie Brown
VOTER-009754,Alice Smith
VOTER-009755,Bob Jones
VOTER-009756,Bob Jones
VOTER-009757,Charlie Brown
VOTER-009758,Bob Jones
VOTER-009759,Bob Jones
VOTER-009760,Alice Smith
VOTER-009761,Diana Prince
VOTER-009762,Alice Smith
VOTER-009763,Diana Prince
VOTER-009764,Bob Jones
VOTER-009765,Bob Jones
VOTER-009766,Diana Prince
VOTER-009767,Bob Jones
VOTER-009768,Alice Smith
VOTER-009769,Diana Prince
VOTER-009770,Bob Jones
VOTER-009771,Alice Smith
VOTER-009772,Bob Jones
VOTER-009773,Charlie Brown
VOTER-009774,Alice Smith
VOTER-009775,Diana Prince
VOTER-009776,Alice Smith
VOTER-009777,Diana Prince
VOTER-009778,Bob Jones
VOTER-009779,Alice Smith
VOTER-009780,Alice Smith
VOTER-009781,Bob Jones
VOTER-009782,Alice Smith
VOTER-009783,Alice Smith
VOTER-009784,Alice Smith
VOTER-009785,Diana Prince
VOTER-009786,Charlie Brown
VOTER-009787,Diana Prince
VOTER-009788,Charlie Brown
VOTER-009789,Bob Jones
VOTER-009790,Alice Smith
VOTER-009791,Alice Smith
VOTER-009792,Alice Smith
VOTER-009793,Bob Jones
VOTER-009794,Alice Smith
VOTER-009795,Alice Smith
VOTER-009796,Alice Smith
VOTER-009797,Charlie Brown
VOTER-009798,Diana Prince
VOTER-009799,Charlie Brown
VOTER-009800,Alice Smith
VOTER-009801,Bob Jones
VOTER-009802,Alice Smith
VOTER-009803,Alice Smith
VOTER-009804,Alice Smith
VOTER-009805,Alice Smith
VOTER-009806,Bob Jones
VOTER-009807,Alice Smith
VOTER-009808,Bob Jones
VOTER-009809,Charlie Brown
VOTER-009810,Charlie Brown
VOTER-009811,Bob Jones
VOTER-009812,Charlie Brown
VOTER-009813,Alice Smith
VOTER-009814,Charlie Brown
VOTER-009815,Bob Jones
VOTER-009816,Charlie Brown
VOTER-009817,Bob Jones
VOTER-009818,Alice Smith
VOTER-009819,Charlie Brown
VOTER-009820,Bob Jones
VOTER-009821,Charlie Brown
VOTER-009822,Bob Jones
VOTER-009823,Alice Smith
VOTER-009824,Alice Smith
VOTER-009825,Charlie Brown
VOTER-009826,Alice Smith
VOTER-009827,Diana Prince
VOTER-009828,Diana Prince
VOTER-009829,Diana Prince
VOTER-009830,Bob Jones
VOTER-009831,Bob Jones
VOTER-009832,Bob Jones
VOTER-009833,Bob Jones
VOTER-009834,Charlie Brown
VOTER-009835,Bob Jones
VOTER-009836,Charlie Brown
VOTER-009837,Bob Jones
VOTER-009838,Alice Smith
VOTER-009839,Alice Smith
VOTER-009840,Charlie Brown
VOTER-009841,Alice Smith
VOTER-009842,Bob Jones
VOTER-009843,Alice Smith
VOTER-009844,Alice Smith
VOTER-009845,Charlie Brown
VOTER-009846,Charlie Brown
VOTER-009847,Alice Smith
VOTER-009848,Alice Smith
VOTER-009849,Bob Jones
VOTER-009850,Bob Jones
VOTER-009851,Alice Smith
VOTER-009852,Diana Prince
VOTER-009853,Diana Prince
VOTER-009854,Diana Prince
VOTER-009855,Alice Smith
VOTER-009856,Bob Jones
VOTER-009857,Bob Jones
VOTER-009858,Alice Smith
VOTER-009859,Charlie Brown
VOTER-009860,Bob Jones
VOTER-009861,Alice Smith
VOTER-009862,Charlie Brown
VOTER-009863,Alice Smith
VOTER-009864,Bob Jones
VOTER-009865,Bob Jones
VOTER-009866,Diana Prince
VOTER-009867,Alice Smith
VOTER-009868,Alice Smith
VOTER-009869,Charlie Brown
VOTER-009870,Bob Jones
VOTER-009871,Alice Smith
VOTER-009872,Alice Smith
VOTER-009873,Alice Smith
VOTER-009874,Alice Smith
VOTER-009875,Bob Jones
VOTER-009876,Bob Jones
VOTER-009877,Alice Smith
VOTER-009878,Alice Smith
VOTER-009879,Charlie Brown
VOTER-009880,Alice Smith
VOTER-009881,Bob Jones
VOTER-009882,Charlie Brown
VOTER-009883,Alice Smith
VOTER-009884,Alice Smith
VOTER-009885,Bob Jones
VOTER-009886,Bob Jones
VOTER-009887,Diana Prince
VOTER-009888,Charlie Brown
VOTER-009889,Alice Smith
VOTER-009890,Bob Jones
VOTER-009891,Alice Smith
VOTER-009892,Bob Jones
VOTER-009893,Charlie Brown
VOTER-009894,Alice Smith
VOTER-009895,Alice Smith
VOTER-009896,Alice Smith
VOTER-009897,Diana Prince
VOTER-009898,Alice Smith
VOTER-009899,Alice Smith
VOTER-009900,Alice Smith
VOTER-009901,Diana Prince
VOTER-009902,Bob Jones
VOTER-009903,Alice Smith
VOTER-009904,Bob Jones
VOTER-009905,Bob Jones
VOTER-009906,Charlie Brown
VOTER-009907,Alice Smith
VOTER-009908,Alice Smith
VOTER-009909,Alice Smith
VOTER-009910,Bob Jones
VOTER-009911,Alice Smith
VOTER-009912,Bob Jones
VOTER-009913,Charlie Brown
VOTER-009914,Diana Prince
VOTER-009915,Alice Smith
VOTER-009916,Alice Smith
VOTER-009917,Alice Smith
VOTER-009918,Bob Jones
VOTER-009919,Bob Jones
VOTER-009920,Bob Jones
VOTER-009921,Alice Smith
VOTER-009922,Alice Smith
VOTER-009923,Bob Jones
VOTER-009924,Alice Smith
VOTER-009925,Alice Smith
VOTER-009926,Diana Prince
VOTER-009927,Diana Prince
VOTER-009928,Diana Prince
VOTER-009929,Alice Smith
VOTER-009930,Bob Jones
VOTER-009931,Alice Smith
VOTER-009932,Charlie Brown
VOTER-009933,Bob Jones
VOTER-009934,Bob Jones
VOTER-009935,Bob Jones
VOTER-009936,Alice Smith
VOTER-009937,Charlie Brown
VOTER-009938,Bob Jones
VOTER-009939,Diana Prince
VOTER-009940,Diana Prince
VOTER-009941,Alice Smith
VOTER-009942,Bob Jones
VOTER-009943,Alice Smith
VOTER-009944,Alice Smith
VOTER-009945,Alice Smith
VOTER-009946,Charlie Brown
VOTER-009947,Bob Jones
VOTER-009948,Charlie Brown
VOTER-009949,Charlie Brown
VOTER-009950,Diana Prince
VOTER-009951,Alice Smith
VOTER-009952,Bob Jones
VOTER-009953,Alice Smith
VOTER-009954,Bob Jones
VOTER-009955,Alice Smith
VOTER-009956,Bob Jones
VOTER-009957,Diana Prince
VOTER-009958,Bob Jones
VOTER-009959,Alice Smith
VOTER-009960,Alice Smith
VOTER-009961,Alice Smith
VOTER-009962,Charlie Brown
VOTER-009963,Charlie Brown
VOTER-009964,Bob Jones
VOTER-009965,Bob Jones
VOTER-009966,Bob Jones
VOTER-009967,Alice Smith
VOTER-009968,Bob Jones
VOTER-009969,Alice Smith
VOTER-009970,Alice Smith
VOTER-009971,Alice Smith
VOTER-009972,Bob Jones
VOTER-009973,Alice Smith
VOTER-009974,Bob Jones
VOTER-009975,Charlie Brown
VOTER-009976,Charlie Brown
VOTER-009977,Bob Jones
VOTER-009978,Alice Smith
VOTER-009979,Diana Prince
VOTER-009980,Bob Jones
VOTER-009981,Alice Smith
VOTER-009982,Alice Smith
VOTER-009983,Alice Smith
VOTER-009984,Alice Smith
VOTER-009985,Alice Smith
VOTER-009986,Bob Jones
VOTER-009987,Alice Smith
VOTER-009988,Bob Jones
VOTER-009989,Alice Smith
VOTER-009990,Bob Jones
VOTER-009991,Charlie Brown
VOTER-009992,Alice Smith
VOTER-009993,Bob Jones
VOTER-009994,Alice Smith
VOTER-009995,Alice Smith
VOTER-009996,Diana Prince
VOTER-009997,Alice Smith
VOTER-009998,Alice Smith
VOTER-009999,Bob Jones
VOTER-010000,Charlie Brown
